;FAMI_ESTRATOVIVIENDA;ESTU_DEPTO_RESIDE;FAMI_TIENEINTERNET;PUNT_SOCIALES_CIUDADANAS;PUNT_MATEMATICAS;PUNT_INGLES;PUNT_LECTURA_CRITICA;PUNT_C_NATURALES;PUNT_GLOBAL
0;Estrato 1;AMAZONAS;No;41.94565217391305;43.95652173913044;43.01086956521739;46.95652173913044;43.30797101449275;219.80797101449275
1;Estrato 1;AMAZONAS;Si;43.21052631578947;42.8421052631579;43.3421052631579;47.23684210526316;42.28947368421053;219.1578947368421
2;Estrato 1;ANTIOQUIA;No;42.21747861009254;44.79884756416972;40.4903090623363;47.87593853675572;42.536493801292124;220.29998253885105
3;Estrato 1;ANTIOQUIA;Si;45.26160767337238;47.91401409048468;44.035565741448096;50.77243018419489;45.168321874204224;235.14913844325608
4;Estrato 1;ARAUCA;No;45.23745624270712;50.2316219369895;44.56709451575262;50.540256709451576;47.35005834305718;240.23862310385064
5;Estrato 1;ARAUCA;Si;48.29655870445344;53.016194331983804;47.784412955465584;52.73076923076923;49.635627530364374;253.38360323886639
6;Estrato 1;ATLANTICO;No;43.29365079365079;47.4625350140056;44.06325863678805;49.0514705882353;45.46486928104575;230.72490662931838
7;Estrato 1;ATLANTICO;Si;47.67091161265918;51.56512419619216;48.22834447106292;52.920186609507;48.903416971378135;250.54356323288363
8;Estrato 1;BOGOTA;No;40.285714285714285;39.476190476190474;38.95238095238095;44.04761904761905;40.73809523809524;204.88095238095238
9;Estrato 1;BOGOTA;Si;45.7887323943662;46.647887323943664;46.83098591549296;50.46478873239437;45.929577464788736;235.98591549295776
10;Estrato 1;BOGOTÁ;No;44.53981623277182;48.15964777947933;44.134762633996935;50.025650842266465;45.65390505359878;234.3415007656968
11;Estrato 1;BOGOTÁ;Si;47.73732087227415;51.6398753894081;47.37171339563863;52.62816199376947;48.91165109034268;250.04785046728972
12;Estrato 1;BOLIVAR;No;41.408915559365624;45.312473210458634;41.536648092584656;47.31825975139306;43.355979425632235;220.65966566652378
13;Estrato 1;BOLIVAR;Si;45.69462647444299;49.419397116644824;46.0611620795107;51.058540847531674;47.00961118392311;240.6085626911315
14;Estrato 1;BOYACA;No;46.23834498834499;51.716006216006214;44.98581973581974;50.80769230769231;48.5003885003885;244.91064491064492
15;Estrato 1;BOYACA;Si;49.42171945701357;53.985972850678735;48.19049773755656;53.58506787330317;50.39366515837104;257.83529411764704
16;Estrato 1;CALDAS;No;44.06887755102041;47.159013605442176;43.26913265306123;49.27168367346939;45.48724489795919;231.24787414965985
17;Estrato 1;CALDAS;Si;46.22093023255814;49.715644820295985;46.5100422832981;51.23625792811839;47.73414376321353;242.77642706131078
18;Estrato 1;CAQUETA;No;43.85880302149913;48.053457292271936;43.32248692620569;49.03718768158048;45.0575246949448;231.27309703660663
19;Estrato 1;CAQUETA;Si;47.59633757961783;51.72452229299363;46.27468152866242;52.18312101910828;47.931528662420384;247.93391719745222
20;Estrato 1;CASANARE;No;45.7255621844883;50.8352455254704;45.05553005966039;50.57916475447453;47.75309775126205;242.22395594309316
21;Estrato 1;CASANARE;Si;48.28278950735765;52.994241842610364;47.591170825335894;53.17402431222009;49.669225847728725;253.82725527831093
22;Estrato 1;CAUCA;No;43.56881760537113;47.344274524431185;42.59903021260724;48.483774710928756;45.427079447967174;229.64117866467737
23;Estrato 1;CAUCA;Si;46.96195462478185;50.80418848167539;46.05095986038394;51.69109947643979;48.24153577661431;245.8279232111693
24;Estrato 1;CESAR;No;43.68669228082431;47.95337059028991;43.47275585050646;49.37338456164862;45.76999650716032;232.23751309814878
25;Estrato 1;CESAR;Si;47.371428571428574;51.430649350649354;46.855324675324674;52.41168831168831;48.78727272727273;248.7903896103896
26;Estrato 1;CHOCO;No;40.06559139784946;43.21612903225807;41.519354838709674;45.46935483870968;40.94247311827957;211.76774193548388
27;Estrato 1;CHOCO;Si;44.58949243098842;47.95102404274265;45.64470169189671;49.707925200356186;44.4986642920748;233.02404274265362
28;Estrato 1;CORDOBA;No;43.918593540989875;47.9557615134722;43.80240779667495;49.72625644945538;46.376743741639594;233.7448882094401
29;Estrato 1;CORDOBA;Si;48.934192269573835;52.63270564915758;48.83270564915758;53.93022794846382;50.54231912784935;256.5222993062438
30;Estrato 1;CUNDINAMARCA;No;44.870040557220946;49.402927173338036;44.10386175277729;50.118321283724214;46.81960853464997;237.59354611179685
31;Estrato 1;CUNDINAMARCA;Si;47.30755902100931;51.638293264024256;46.700021659085984;52.30820879358891;48.41953649555989;248.34914446610352
32;Estrato 1;EXTRANJERO;No;45.6;50.0;46.0;48.6;44.8;235.8
33;Estrato 1;EXTRANJERO;Si;55.666666666666664;60.666666666666664;48.333333333333336;58.0;52.166666666666664;280.0
34;Estrato 1;GUAINIA;No;44.78;49.34;44.75;48.61;45.8;234.73
35;Estrato 1;GUAINIA;Si;44.4;50.0;42.35;50.15;43.95;233.8
36;Estrato 1;GUAVIARE;No;42.824933687002655;48.62334217506631;41.42705570291777;48.12466843501326;44.811671087533156;228.69230769230768
37;Estrato 1;GUAVIARE;Si;46.333333333333336;51.31410256410256;43.56410256410256;51.87179487179487;47.30128205128205;243.85897435897436
38;Estrato 1;HUILA;No;46.28210075026795;50.84523043944266;45.41028938906752;51.56120042872455;48.52518756698821;245.01993569131832
39;Estrato 1;HUILA;Si;48.33791801510248;52.78694714131608;47.77642934196332;53.37675296655879;50.24514563106796;254.6229773462783
40;Estrato 1;LA GUAJIRA;No;42.28785425101215;45.8914979757085;41.52712550607288;47.63886639676113;43.648582995951415;223.05141700404857
41;Estrato 1;LA GUAJIRA;Si;45.506538196834136;49.4267033723331;44.69717825189264;50.81693048864418;47.10874053682037;239.71851342050928
42;Estrato 1;MAGDALENA;No;41.29809976247031;44.767390566677975;40.705463182897866;46.983881913810656;43.141669494401086;218.95724465558195
43;Estrato 1;MAGDALENA;Si;44.48550503509307;47.69606347268844;43.69514800122063;49.76777540433323;45.51235886481538;233.10253280439426
44;Estrato 1;META;No;44.318518518518516;49.48888888888889;43.934074074074076;50.11074074074074;46.55148148148148;236.66925925925926
45;Estrato 1;META;Si;47.36517295597484;51.854559748427675;46.527122641509436;52.391902515723274;48.669418238993714;248.99842767295598
46;Estrato 1;NARIÑO;No;46.18549688724925;50.774959649527325;45.38897855660595;50.928176158635004;48.5186765044962;244.07874106525247
47;Estrato 1;NARIÑO;Si;49.705263157894734;54.316631578947366;49.061263157894736;54.05936842105263;51.60631578947368;260.8147368421053
48;Estrato 1;NORTE SANTANDER;No;46.175311620426214;51.613389626055486;45.34800965018094;51.60514676316848;48.6216324889425;245.9155609167672
49;Estrato 1;NORTE SANTANDER;Si;49.209781529294936;54.429245283018865;48.60501489572989;53.996772591857;51.111717974180735;259.56876861966236
50;Estrato 1;PUTUMAYO;No;44.756637168141594;49.41937069813176;43.9803343166175;49.93756145526057;46.61602753195674;236.9906588003933
51;Estrato 1;PUTUMAYO;Si;48.83712121212121;53.2939393939394;47.43484848484849;53.400757575757574;50.24242424242424;255.6810606060606
52;Estrato 1;QUINDIO;No;44.42800318217979;47.81543357199682;44.74542561654734;50.11774065234686;45.40572792362769;233.87350835322195
53;Estrato 1;QUINDIO;Si;47.61188554658841;51.245047688921495;48.16581071166544;52.6984592809978;48.40865737344094;249.2494497432135
54;Estrato 1;RISARALDA;No;44.81428571428572;47.556;44.585142857142856;50.10971428571428;46.02628571428571;234.65885714285713
55;Estrato 1;RISARALDA;Si;47.315900686740626;50.65821447437929;47.70470153195985;52.07712625462229;48.338087691494984;247.2551505546751
56;Estrato 1;SAN ANDRES;No;41.78709677419355;44.645161290322584;49.69032258064516;48.60645161290323;43.21290322580645;224.78709677419354
57;Estrato 1;SAN ANDRES;Si;41.861111111111114;45.875;48.44444444444444;49.30555555555556;43.791666666666664;227.26388888888889
58;Estrato 1;SANTANDER;No;47.07363041047756;52.38604056859926;45.270084651014216;52.11132406963744;49.267529148698294;249.14470531863918
59;Estrato 1;SANTANDER;Si;49.63706335109532;54.5147029800671;48.00276297611999;54.23070850601934;51.12867574501678;260.21018354055656
60;Estrato 1;SUCRE;No;43.895188696118765;47.83276694687891;43.495617957431584;49.592917188338404;46.55177964585942;233.50974780897872
61;Estrato 1;SUCRE;Si;49.180085569817194;52.73356670556204;48.04784130688448;53.82108129132633;50.707506806690006;256.6732788798133
62;Estrato 1;TOLIMA;No;43.32991042167359;47.1157963731702;42.650863010705706;48.61481319641687;44.97487437185929;228.7478697837011
63;Estrato 1;TOLIMA;Si;46.222705961152045;49.57267247153383;45.49464166108506;51.24547890154052;47.479571332886806;241.94239785666443
64;Estrato 1;VALLE;No;44.037018996590355;47.17860042214645;43.319694755642146;49.643773339827895;45.11251826595227;231.23916220165611
65;Estrato 1;VALLE;Si;46.99041802674529;49.9094450879225;46.670106349373484;52.1114036011372;47.85258502685058;245.09929451405708
66;Estrato 1;VAUPES;No;43.666666666666664;45.89617486338798;43.36065573770492;47.34426229508197;43.967213114754095;225.3551912568306
67;Estrato 1;VAUPES;Si;44.857142857142854;45.57142857142857;44.642857142857146;48.785714285714285;43.714285714285715;228.28571428571428
68;Estrato 1;VICHADA;No;45.77067669172932;49.19548872180451;42.33458646616541;50.59398496240601;46.8984962406015;238.33834586466165
69;Estrato 1;VICHADA;Si;45.72727272727273;51.25454545454546;44.72727272727273;51.054545454545455;47.472727272727276;242.78181818181818
70;Estrato 2;AMAZONAS;No;43.87317073170732;46.59512195121951;45.707317073170735;48.91219512195122;45.229268292682924;230.609756097561
71;Estrato 2;AMAZONAS;Si;44.98245614035088;49.78947368421053;45.98245614035088;50.578947368421055;46.6140350877193;239.24561403508773
72;Estrato 2;ANTIOQUIA;No;43.64317622390373;46.80271674719665;42.59248792050324;49.40331844288449;44.16154617558574;228.702616464582
73;Estrato 2;ANTIOQUIA;Si;47.96835501147667;50.714552410099465;47.54680948737567;53.20110175975516;47.6938026013772;248.5681713848508
74;Estrato 2;ARAUCA;No;44.068345323741006;49.185251798561154;44.29136690647482;49.89748201438849;46.58273381294964;235.9640287769784
75;Estrato 2;ARAUCA;Si;49.166666666666664;54.008849557522126;49.55309734513274;54.15486725663717;50.08259587020649;258.37905604719765
76;Estrato 2;ATLANTICO;No;43.30028039765486;47.68569971960235;44.82538873311241;49.39459597247005;45.38898801937293;231.59189395870507
77;Estrato 2;ATLANTICO;Si;49.197327267557576;52.97298834233722;50.93090702303099;54.33920955359682;50.29693867879822;258.2145768173633
78;Estrato 2;BOGOTA;No;44.22727272727273;46.07272727272727;43.79090909090909;48.88181818181818;44.8;229.0818181818182
79;Estrato 2;BOGOTA;Si;45.7545045045045;48.59234234234234;47.630630630630634;51.317567567567565;46.788288288288285;240.36261261261262
80;Estrato 2;BOGOTÁ;No;46.364548494983275;50.49639148037318;46.98820630170744;51.836120401337794;47.76993487062137;244.76887871853546
81;Estrato 2;BOGOTÁ;Si;50.45486473870229;54.1090981839198;50.95452019472292;54.93542578967257;51.17622868828773;262.68668726520997
82;Estrato 2;BOLIVAR;No;41.23005050505051;45.37020202020202;42.285606060606064;47.52878787878788;43.451262626262626;221.164898989899
83;Estrato 2;BOLIVAR;Si;47.95495495495496;51.577744411077745;49.167667667667665;53.30663997330664;49.12929596262929;251.94711378044713
84;Estrato 2;BOYACA;No;47.793240934118096;53.213594076324284;47.00037972280236;52.280994873742166;49.83595974938295;252.45168027340043
85;Estrato 2;BOYACA;Si;52.705760517799355;57.08466019417476;51.53411003236246;56.310161812297736;53.50058252427184;273.20828478964404
86;Estrato 2;CALDAS;No;44.58126969833408;47.83520936515083;44.520036019810895;49.84421431787483;46.35389464205313;234.75596578117964
87;Estrato 2;CALDAS;Si;48.70391595033429;52.021251193887295;48.879178605539636;53.44269340974212;49.760744985673355;254.09861509073542
88;Estrato 2;CAQUETA;No;43.535276073619634;47.872699386503065;43.05521472392638;49.24846625766871;45.644171779141104;231.5276073619632
89;Estrato 2;CAQUETA;Si;47.38527397260274;51.50856164383562;47.38013698630137;52.52140410958904;48.232020547945204;248.58818493150685
90;Estrato 2;CASANARE;No;45.12989175686928;51.27810158201499;45.84596169858451;50.9766860949209;47.91090757701915;242.9691923397169
91;Estrato 2;CASANARE;Si;49.10676328502416;54.219323671497584;49.2719806763285;53.8743961352657;50.356521739130436;258.4405797101449
92;Estrato 2;CAUCA;No;43.0599700149925;47.067966016991505;42.964517741129434;48.64617691154423;45.1984007996002;228.80509745127435
93;Estrato 2;CAUCA;Si;48.90624020068987;52.904985888993416;48.619316400125435;53.58921291941047;50.262151144559425;255.9978049545312
94;Estrato 2;CESAR;No;43.88650839606254;48.36363636363637;44.81412854661262;49.79849449913144;46.203821656050955;234.44528083381587
95;Estrato 2;CESAR;Si;49.28060368921185;52.7624371157071;49.67467859139184;53.910844046953606;50.58384572386808;257.4147568474008
96;Estrato 2;CHOCO;No;38.88468809073724;42.459357277882795;40.400756143667294;44.93005671077505;39.95652173913044;207.3459357277883
97;Estrato 2;CHOCO;Si;43.23850085178876;46.54003407155025;45.100511073253834;48.689948892674614;43.4923339011925;227.29642248722317
98;Estrato 2;CORDOBA;No;42.18517179023508;46.48969258589512;43.26365280289331;48.65895117540687;45.282097649186255;227.34466546112117
99;Estrato 2;CORDOBA;Si;49.742285714285714;53.401428571428575;50.848571428571425;54.78742857142857;51.590857142857146;261.3117142857143
100;Estrato 2;CUNDINAMARCA;No;46.42666044485923;51.223207341732774;45.996422460724844;51.67568828744751;48.16643334888785;245.56758438326335
101;Estrato 2;CUNDINAMARCA;Si;49.8388719238369;54.171366984012934;49.75360756840908;54.47081013112987;50.76582240584396;260.5761331656787
102;Estrato 2;EXTRANJERO;Si;40.5;53.5;46.0;49.5;52.5;244.0
103;Estrato 2;GUAINIA;No;47.294117647058826;52.07843137254902;45.705882352941174;51.78431372549019;48.490196078431374;247.94117647058823
104;Estrato 2;GUAINIA;Si;50.47826086956522;56.26086956521739;51.608695652173914;55.17391304347826;51.869565217391305;266.54347826086956
105;Estrato 2;GUAVIARE;No;43.0939226519337;48.51381215469613;42.88397790055249;49.27624309392265;46.54696132596685;232.77900552486187
106;Estrato 2;GUAVIARE;Si;48.7379679144385;53.283422459893046;47.080213903743314;53.36363636363637;49.45454545454545;254.44385026737967
107;Estrato 2;HUILA;No;46.34088927637315;51.01133391455972;45.744551002615516;51.56146469049695;48.65387968613775;245.55579773321708
108;Estrato 2;HUILA;Si;50.69561961812055;54.92306252339947;50.78023212280045;55.023025084238114;52.098839385997756;264.9971920628978
109;Estrato 2;LA GUAJIRA;No;42.22010662604722;45.89185072353389;42.01980198019802;47.977913175932976;44.043412033511046;224.008377760853
110;Estrato 2;LA GUAJIRA;Si;47.52787258248009;51.48805460750853;47.274175199089875;52.491467576791806;48.653583617747444;249.1433447098976
111;Estrato 2;MAGDALENA;No;40.904071127749184;44.61300889096865;41.17080018717829;46.72391202620496;42.90032756200281;217.91717360786149
112;Estrato 2;MAGDALENA;Si;45.856053384175404;49.35907213218939;46.08420718144264;51.158881474420085;46.906577693040994;240.73911661900223
113;Estrato 2;META;No;44.83514211886305;50.00361757105943;44.684754521963825;50.975710594315245;47.069250645994835;239.74418604651163
114;Estrato 2;META;Si;48.08642251004913;53.08932559178204;48.110317105850825;53.5218847699866;49.582849486377846;254.21750781598928
115;Estrato 2;NARIÑO;No;45.48069852941177;50.177389705882355;45.595588235294116;50.79319852941177;48.2077205882353;242.15579044117646
116;Estrato 2;NARIÑO;Si;52.08040455120101;56.64551201011378;52.42503160556258;56.25385587863464;53.98786346396966;272.81542351453857
117;Estrato 2;NORTE SANTANDER;No;46.34732587064676;51.82120646766169;46.338619402985074;51.6318407960199;49.12251243781095;247.34546019900498
118;Estrato 2;NORTE SANTANDER;Si;50.78974053086788;56.21846107963018;51.3705636743215;55.73665374291679;52.71577691619445;268.37130927527585
119;Estrato 2;PUTUMAYO;No;43.04516129032258;48.193548387096776;43.608602150537635;48.744086021505375;45.60215053763441;230.91827956989246
120;Estrato 2;PUTUMAYO;Si;48.674521354933724;53.39469808541973;48.74521354933726;53.19293078055965;50.40648011782032;256.0427098674521
121;Estrato 2;QUINDIO;No;45.40773480662983;49.23977900552486;45.69613259668508;50.914917127071824;46.58011049723757;239.26408839779006
122;Estrato 2;QUINDIO;Si;49.417397660818715;53.03472222222222;49.80921052631579;54.02777777777778;50.15899122807018;257.5921052631579
123;Estrato 2;RISARALDA;No;44.996345919610235;48.27222898903776;45.2551766138855;50.67235079171742;46.557247259439706;237.21437271619976
124;Estrato 2;RISARALDA;Si;49.144666666666666;52.466;49.88622222222222;53.94222222222222;50.096666666666664;256.4737777777778
125;Estrato 2;SAN ANDRES;No;42.175097276264594;44.4124513618677;53.46692607003891;48.21011673151751;42.69260700389105;225.3385214007782
126;Estrato 2;SAN ANDRES;Si;45.45751633986928;48.07843137254902;55.1764705882353;51.16339869281046;45.77777777777778;240.98692810457516
127;Estrato 2;SANTANDER;No;48.04875;53.4705;46.7825;53.242;50.196;254.48625
128;Estrato 2;SANTANDER;Si;51.497930338213024;56.3557799091368;50.93397274103988;56.16577486118122;52.9459868753155;269.9346794548208
129;Estrato 2;SUCRE;No;43.025061124694375;47.251833740831295;43.757334963325185;49.31479217603912;45.98105134474328;230.94498777506112
130;Estrato 2;SUCRE;Si;50.08812729498164;53.93757649938801;50.51774785801714;55.09506323949408;51.86046511627907;262.86209710322316
131;Estrato 2;TOLIMA;No;43.87210554658051;47.727517501346256;43.694668820678515;49.38987614431879;45.61631663974152;232.11739364566506
132;Estrato 2;TOLIMA;Si;48.388004584235325;51.95110148987648;48.60690182096014;53.209474086336435;49.56755380109512;253.06558003310838
133;Estrato 2;VALLE;No;45.066779732881066;48.413822344710624;45.26733093067628;50.660377358490564;46.440958236167056;237.312274750901
134;Estrato 2;VALLE;Si;49.07521265482764;52.21747997811272;49.82788638511665;54.03666119484654;50.00900363129881;256.0904840073621
135;Estrato 2;VAUPES;No;45.578947368421055;46.13157894736842;42.71052631578947;48.13157894736842;43.1578947368421;227.57894736842104
136;Estrato 2;VAUPES;Si;40.46666666666667;42.8;39.13333333333333;45.333333333333336;40.6;210.33333333333334
137;Estrato 2;VICHADA;No;43.87096774193548;49.494623655913976;44.32258064516129;49.67741935483871;45.55913978494624;234.66666666666666
138;Estrato 2;VICHADA;Si;46.80392156862745;49.05882352941177;46.88235294117647;52.450980392156865;46.88235294117647;243.2549019607843
139;Estrato 3;AMAZONAS;No;46.13913043478261;47.93913043478261;46.834782608695654;51.130434782608695;46.78260869565217;239.58260869565217
140;Estrato 3;AMAZONAS;Si;49.73809523809524;55.666666666666664;51.0;54.214285714285715;51.07142857142857;262.6666666666667
141;Estrato 3;ANTIOQUIA;No;43.957231472412666;47.14626183480248;44.059418870388505;49.65230166503428;44.418870388508;230.6088801828273
142;Estrato 3;ANTIOQUIA;Si;51.11629123239568;53.6964772684822;52.21666853449886;55.73801785647577;50.59228958870335;263.707348051851
143;Estrato 3;ARAUCA;No;42.23376623376623;48.04545454545455;43.44805194805195;47.52597402597402;45.83766233766234;228.61688311688312
144;Estrato 3;ARAUCA;Si;47.01171875;52.85546875;48.8046875;52.91015625;48.93359375;251.5078125
145;Estrato 3;ATLANTICO;No;41.63406408094435;45.96037099494098;43.95868465430017;47.692242833052276;43.94519392917369;223.71163575042158
146;Estrato 3;ATLANTICO;Si;50.791837933059305;54.45977686435702;54.52613035819142;55.838079859072224;51.85687022900763;266.674398120963
147;Estrato 3;BOGOTA;No;45.52;47.36;46.98;51.58;45.78;237.6
148;Estrato 3;BOGOTA;Si;51.36806722689076;53.831932773109244;56.7546218487395;55.54117647058823;52.391596638655464;267.74957983193275
149;Estrato 3;BOGOTÁ;No;47.80444646098004;51.95644283121597;49.05127041742287;53.03448275862069;49.03402903811252;251.739110707804
150;Estrato 3;BOGOTÁ;Si;53.822163870428035;57.31400752893061;56.00285820514012;57.57712506390296;54.265766603151;278.82281451875264
151;Estrato 3;BOLIVAR;No;38.99265197060788;43.17434869739479;40.52371409485638;45.1563126252505;41.41349365397462;210.27989311957248
152;Estrato 3;BOLIVAR;Si;49.49503311258278;52.6371412803532;51.71136865342164;54.561258278145694;50.309878587196465;258.73951434878586
153;Estrato 3;BOYACA;No;46.574578469520105;51.75486381322957;47.26070038910506;51.5810635538262;48.80544747081712;247.47730220492866
154;Estrato 3;BOYACA;Si;54.65457184325109;58.88156748911466;55.44731494920174;58.04383164005805;55.33788098693759;283.1535558780842
155;Estrato 3;CALDAS;No;43.831663326653306;47.545090180360724;45.46092184368737;49.833667334669336;46.00801603206413;233.49899799599197
156;Estrato 3;CALDAS;Si;52.26559865092749;55.61045531197302;53.10623946037099;56.31141090500281;53.329398538504776;271.39797639123105
157;Estrato 3;CAQUETA;No;43.23684210526316;47.39473684210526;44.046052631578945;48.401315789473685;45.30921052631579;229.6315789473684
158;Estrato 3;CAQUETA;Si;48.77405857740586;52.34309623430963;49.14435146443515;53.2510460251046;49.42050209205021;254.0481171548117
159;Estrato 3;CASANARE;No;44.244565217391305;49.42934782608695;45.19021739130435;49.79347826086956;45.94021739130435;235.91304347826087
160;Estrato 3;CASANARE;Si;50.534979423868315;55.31001371742113;52.251028806584365;55.27846364883402;51.59396433470508;265.53772290809326
161;Estrato 3;CAUCA;No;40.41275167785235;45.1744966442953;41.874161073825505;46.56879194630873;43.74664429530201;219.0704697986577
162;Estrato 3;CAUCA;Si;50.75535512965051;54.49154453213078;51.925591882750844;55.43291995490417;52.21871476888388;265.62457722660656
163;Estrato 3;CESAR;No;41.620309050772626;46.34437086092715;43.2317880794702;48.06181015452539;44.47019867549669;224.8852097130243
164;Estrato 3;CESAR;Si;50.67569193742479;54.15824308062575;53.108303249097474;55.08002406738869;51.94524669073405;264.8760529482551
165;Estrato 3;CHOCO;No;36.17407407407408;40.20740740740741;39.544444444444444;41.96666666666667;38.15555555555556;195.8074074074074
166;Estrato 3;CHOCO;Si;42.63294797687861;45.92485549132948;44.26300578034682;48.34393063583815;42.83815028901734;224.41907514450867
167;Estrato 3;CORDOBA;No;39.87645687645688;44.45687645687646;41.76923076923077;46.42773892773893;43.41025641025641;217.02564102564102
168;Estrato 3;CORDOBA;Si;50.543398978847556;53.68271334792122;53.10430342815463;55.26258205689278;51.99854121079504;264.4427425237053
169;Estrato 3;CUNDINAMARCA;No;46.080049261083744;50.26847290640394;46.955049261083744;51.576354679802954;47.71366995073892;243.79679802955664
170;Estrato 3;CUNDINAMARCA;Si;51.61094324213965;55.188730093915886;52.559003674969375;55.74920375663536;52.06835443037975;267.85569620253165
171;Estrato 3;EXTRANJERO;Si;40.0;44.5;51.0;44.75;44.75;220.25
172;Estrato 3;GUAINIA;No;41.94117647058823;48.64705882352941;44.94117647058823;46.411764705882355;45.05882352941177;227.41176470588235
173;Estrato 3;GUAINIA;Si;54.388888888888886;56.94444444444444;51.611111111111114;53.5;53.388888888888886;271.72222222222223
174;Estrato 3;GUAVIARE;No;40.90909090909091;44.45454545454545;39.27272727272727;45.39393939393939;42.484848484848484;215.0
175;Estrato 3;GUAVIARE;Si;45.857142857142854;50.4025974025974;44.81818181818182;49.35064935064935;47.142857142857146;239.71428571428572
176;Estrato 3;HUILA;No;42.67338709677419;47.80241935483871;43.41532258064516;48.29032258064516;45.54032258064516;229.3709677419355
177;Estrato 3;HUILA;Si;52.578003120124805;56.797971918876755;54.366614664586585;57.12636505460218;53.91263650546022;275.2332293291732
178;Estrato 3;LA GUAJIRA;No;39.590021691973966;43.67245119305857;40.36225596529284;45.75054229934924;41.7353579175705;212.53796095444685
179;Estrato 3;LA GUAJIRA;Si;46.930424528301884;51.19221698113208;48.58844339622642;52.02358490566038;48.612028301886795;248.0318396226415
180;Estrato 3;MAGDALENA;No;40.015765765765764;43.77252252252252;41.015765765765764;45.85022522522522;41.692567567567565;213.46396396396398
181;Estrato 3;MAGDALENA;Si;48.27522559474979;51.170631665299425;49.976210008203445;53.219852337981955;48.7805578342904;251.66611977030354
182;Estrato 3;META;No;44.97308488612836;49.53830227743271;46.072463768115945;51.19047619047619;46.971014492753625;240.0310559006211
183;Estrato 3;META;Si;50.908408408408405;55.37987987987988;52.21621621621622;55.72132132132132;51.97807807807808;266.9924924924925
184;Estrato 3;NARIÑO;No;42.02047781569966;47.01877133105802;43.49317406143345;48.472696245733786;45.539249146757676;227.92662116040955
185;Estrato 3;NARIÑO;Si;53.955239064089525;58.16225839267548;56.024923702950154;57.841302136317395;55.51424211597151;281.7095625635809
186;Estrato 3;NORTE SANTANDER;No;44.777027027027025;49.46621621621622;45.93018018018018;50.5518018018018;47.20495495495496;239.17342342342343
187;Estrato 3;NORTE SANTANDER;Si;53.300601202404806;57.658917835671346;54.78036072144288;57.39879759519038;54.373547094188375;278.0617234468938
188;Estrato 3;PUTUMAYO;No;42.557377049180324;46.721311475409834;43.31147540983606;47.92622950819672;44.82786885245902;226.72131147540983
189;Estrato 3;PUTUMAYO;Si;48.16858237547893;52.93103448275862;48.47126436781609;53.1992337164751;49.47892720306513;253.77394636015325
190;Estrato 3;QUINDIO;No;45.990867579908674;48.922374429223744;46.917808219178085;51.8310502283105;47.15981735159817;241.78082191780823
191;Estrato 3;QUINDIO;Si;51.563351842503785;55.14891468955073;53.48056537102474;56.01766784452297;52.20898536092882;268.5749621403332
192;Estrato 3;RISARALDA;No;46.25192802056555;49.63239074550128;47.53213367609254;51.96658097686375;47.22107969151671;243.3624678663239
193;Estrato 3;RISARALDA;Si;50.8899028554607;54.2834854283191;52.81925228142479;55.422137179864585;51.54607006181925;265.0971445392994
194;Estrato 3;SAN ANDRES;No;44.769911504424776;47.65486725663717;52.230088495575224;50.716814159292035;45.07964601769911;237.28318584070797
195;Estrato 3;SAN ANDRES;Si;49.578125;52.0703125;58.0625;55.171875;49.1953125;260.0703125
196;Estrato 3;SANTANDER;No;46.54473386183466;51.7836919592299;47.47451868629672;52.43035107587769;48.959229898074746;248.71687429218574
197;Estrato 3;SANTANDER;Si;54.01939245999458;58.517900732302685;54.892866829400596;58.22904800650936;55.25522104692162;281.9080553295362
198;Estrato 3;SUCRE;No;38.434322033898304;42.74364406779661;40.891949152542374;44.83686440677966;41.83686440677966;209.40889830508473
199;Estrato 3;SUCRE;Si;48.929577464788736;52.92061459667094;50.73495518565941;54.006402048655566;50.837387964148526;258.0179257362356
200;Estrato 3;TOLIMA;No;42.490196078431374;47.24064171122995;44.593582887700535;48.72727272727273;45.13368983957219;228.98573975044565
201;Estrato 3;TOLIMA;Si;51.16831108531631;54.44486360998259;52.852582704585025;55.51712130005804;51.672083575159604;265.8723157283807
202;Estrato 3;VALLE;No;44.89441469013007;48.41469013006886;46.128538638102526;50.62892119357307;46.66258607498087;237.66488140780413
203;Estrato 3;VALLE;Si;50.78776529338327;53.92537106394784;53.225690109585244;55.61367734775975;51.758565681786656;265.18469968095434
204;Estrato 3;VAUPES;No;40.17857142857143;42.142857142857146;38.714285714285715;43.464285714285715;40.25;206.46428571428572
205;Estrato 3;VAUPES;Si;40.333333333333336;43.5;38.333333333333336;48.333333333333336;38.333333333333336;211.33333333333334
206;Estrato 3;VICHADA;No;45.073170731707314;48.707317073170735;43.146341463414636;49.68292682926829;45.24390243902439;234.26829268292684
207;Estrato 3;VICHADA;Si;46.642857142857146;51.32142857142857;45.857142857142854;52.142857142857146;48.214285714285715;246.42857142857142
208;Estrato 4;AMAZONAS;No;37.5;39.642857142857146;41.642857142857146;41.357142857142854;41.357142857142854;200.5
209;Estrato 4;AMAZONAS;Si;45.5;50.25;49.0;48.25;47.0;239.25
210;Estrato 4;ANTIOQUIA;No;39.837920489296636;41.92966360856269;41.14678899082569;45.36697247706422;40.654434250764524;209.43425076452598
211;Estrato 4;ANTIOQUIA;Si;54.30340063761955;56.98122564647538;58.81066241586964;58.157102373361674;53.70474672334396;280.09227771873896
212;Estrato 4;ARAUCA;No;40.26829268292683;45.146341463414636;43.170731707317074;47.1219512195122;41.31707317073171;217.2439024390244
213;Estrato 4;ARAUCA;Si;44.152542372881356;49.355932203389834;46.40677966101695;50.20338983050848;47.440677966101696;238.42372881355934
214;Estrato 4;ATLANTICO;No;38.37956204379562;42.89051094890511;41.31751824817518;44.42700729927007;40.98905109489051;208.21167883211677
215;Estrato 4;ATLANTICO;Si;54.83696682464455;58.061137440758294;61.80710900473934;58.918483412322274;55.58436018957346;286.1568720379147
216;Estrato 4;BOGOTA;No;55.42857142857143;52.714285714285715;63.0;61.285714285714285;53.714285714285715;281.7142857142857
217;Estrato 4;BOGOTA;Si;65.40810810810811;68.15;77.3472972972973;66.68378378378378;65.30810810810812;336.15405405405403
218;Estrato 4;BOGOTÁ;No;46.88;51.7;49.6;52.16;47.48;247.77333333333334
219;Estrato 4;BOGOTÁ;Si;59.73464955577493;62.69476801579467;66.26841066140177;61.86377097729516;59.38894373149062;306.6589338598223
220;Estrato 4;BOLIVAR;No;36.21142857142857;40.01714285714286;38.584761904761905;42.48952380952381;39.23428571428571;197.11238095238096
221;Estrato 4;BOLIVAR;Si;49.80154639175258;52.78092783505155;54.52319587628866;54.50085910652921;50.52749140893471;260.5094501718213
222;Estrato 4;BOYACA;No;43.705882352941174;49.5;44.431372549019606;48.46078431372549;46.68627450980392;234.42156862745097
223;Estrato 4;BOYACA;Si;57.50212765957447;61.767375886524825;60.320567375886526;60.0822695035461;57.60425531914893;296.6198581560284
224;Estrato 4;CALDAS;No;41.69117647058823;43.85294117647059;43.5;47.3235294117647;42.88235294117647;219.52941176470588
225;Estrato 4;CALDAS;Si;55.97908496732026;59.745098039215684;59.362091503267976;59.03790849673203;57.12156862745098;290.3869281045752
226;Estrato 4;CAQUETA;No;40.26470588235294;43.5;42.3235294117647;45.23529411764706;43.294117647058826;215.08823529411765
227;Estrato 4;CAQUETA;Si;48.325;51.6375;51.9875;52.9375;48.275;252.1125
228;Estrato 4;CASANARE;No;41.107142857142854;47.642857142857146;45.67857142857143;48.92857142857143;44.57142857142857;227.82142857142858
229;Estrato 4;CASANARE;Si;54.12056737588652;59.56737588652482;58.56028368794326;58.46099290780142;55.40425531914894;285.09929078014187
230;Estrato 4;CAUCA;No;38.25;42.38636363636363;39.32954545454545;43.8125;41.14772727272727;206.2159090909091
231;Estrato 4;CAUCA;Si;53.223021582733814;57.77877697841727;56.84532374100719;57.431654676258994;55.56654676258993;280.3129496402878
232;Estrato 4;CESAR;No;38.06611570247934;43.1900826446281;41.72727272727273;45.62809917355372;41.52892561983471;210.3801652892562
233;Estrato 4;CESAR;Si;48.93617021276596;52.57683215130024;54.16548463356974;53.498817966903076;50.73286052009456;258.20094562647756
234;Estrato 4;CHOCO;No;34.547770700636946;39.27388535031847;39.35031847133758;40.732484076433124;37.48407643312102;190.51592356687897
235;Estrato 4;CHOCO;Si;38.072463768115945;41.95652173913044;40.65217391304348;43.76086956521739;39.32608695652174;203.84057971014494
236;Estrato 4;CORDOBA;No;37.260377358490565;42.011320754716984;40.27547169811321;44.53584905660377;40.943396226415096;205.5622641509434
237;Estrato 4;CORDOBA;Si;50.30829015544042;53.91968911917098;55.07772020725388;55.29015544041451;52.00259067357513;265.2383419689119
238;Estrato 4;CUNDINAMARCA;No;42.97709923664122;47.86259541984733;44.30534351145038;49.19847328244275;44.29770992366412;229.75572519083968
239;Estrato 4;CUNDINAMARCA;Si;53.88095238095238;57.71047619047619;58.66761904761905;57.815714285714286;54.44857142857143;280.8595238095238
240;Estrato 4;GUAINIA;No;41.25;44.0;44.625;44.5;40.5;213.75
241;Estrato 4;GUAINIA;Si;41.6;48.0;48.6;41.8;45.2;222.4
242;Estrato 4;GUAVIARE;No;36.333333333333336;42.8;39.266666666666666;42.93333333333333;41.06666666666667;203.33333333333334
243;Estrato 4;GUAVIARE;Si;46.81818181818182;50.27272727272727;45.54545454545455;51.90909090909091;49.0;246.0
244;Estrato 4;HUILA;No;39.12903225806452;44.193548387096776;41.25806451612903;47.04838709677419;42.25806451612903;215.03225806451613
245;Estrato 4;HUILA;Si;54.58495821727019;59.08635097493036;58.15041782729805;58.48189415041783;55.97493036211699;285.5988857938719
246;Estrato 4;LA GUAJIRA;No;38.726256983240226;43.59217877094972;40.84357541899441;45.44692737430167;41.92178770949721;211.4804469273743
247;Estrato 4;LA GUAJIRA;Si;44.00666666666667;47.82333333333333;47.75666666666667;49.946666666666665;46.026666666666664;235.07
248;Estrato 4;MAGDALENA;No;37.68627450980392;41.77777777777778;39.529411764705884;44.130718954248366;39.790849673202615;203.71241830065358
249;Estrato 4;MAGDALENA;Si;47.91458026509573;51.32106038291605;51.005891016200295;52.89985272459499;48.92636229749632;251.63328424153167
250;Estrato 4;META;No;41.328125;48.03125;43.53125;48.59375;44.09375;226.8125
251;Estrato 4;META;Si;51.779661016949156;56.342372881355935;54.97966101694915;55.66779661016949;52.94406779661017;271.2220338983051
252;Estrato 4;NARIÑO;No;38.7962962962963;42.916666666666664;39.65277777777778;44.120370370370374;40.47222222222222;207.11574074074073
253;Estrato 4;NARIÑO;Si;54.99177631578947;58.41447368421053;58.161184210526315;58.266447368421055;56.54934210526316;285.6891447368421
254;Estrato 4;NORTE SANTANDER;No;41.52564102564103;48.34615384615385;43.65384615384615;47.87179487179487;44.794871794871796;227.43589743589743
255;Estrato 4;NORTE SANTANDER;Si;56.61298076923077;60.69350961538461;60.62620192307692;59.640625;56.99519230769231;293.25600961538464
256;Estrato 4;PUTUMAYO;No;40.28888888888889;45.17777777777778;42.68888888888889;46.577777777777776;44.333333333333336;219.95555555555555
257;Estrato 4;PUTUMAYO;Si;44.22641509433962;49.075471698113205;45.320754716981135;48.867924528301884;45.283018867924525;233.71698113207546
258;Estrato 4;QUINDIO;No;44.611111111111114;46.888888888888886;49.44444444444444;49.44444444444444;46.611111111111114;235.44444444444446
259;Estrato 4;QUINDIO;Si;55.50485436893204;59.19029126213592;59.51844660194175;58.76116504854369;56.040776699029124;287.69126213592233
260;Estrato 4;RISARALDA;No;45.339622641509436;48.490566037735846;47.39622641509434;50.56603773584906;46.84905660377358;238.9056603773585
261;Estrato 4;RISARALDA;Si;54.03505843071786;57.31552587646077;58.645242070116865;57.68530884808013;54.09348914858097;280.0158597662771
262;Estrato 4;SAN ANDRES;No;40.851851851851855;42.111111111111114;50.18518518518518;46.925925925925924;42.851851851851855;218.55555555555554
263;Estrato 4;SAN ANDRES;Si;47.542857142857144;48.628571428571426;53.57142857142857;53.08571428571429;45.6;245.4
264;Estrato 4;SANTANDER;No;44.570422535211264;50.943661971830984;47.08450704225352;51.563380281690144;47.95774647887324;243.19718309859155
265;Estrato 4;SANTANDER;Si;58.510884353741496;62.55646258503401;61.90238095238095;61.48945578231292;59.25986394557823;302.8295918367347
266;Estrato 4;SUCRE;No;36.55483870967742;41.52258064516129;38.696774193548386;43.116129032258065;40.25806451612903;201.18064516129033
267;Estrato 4;SUCRE;Si;49.35748792270532;53.830917874396135;52.367149758454104;54.231884057971016;51.24154589371981;260.8840579710145
268;Estrato 4;TOLIMA;No;40.392857142857146;44.63095238095238;43.07142857142857;45.80952380952381;42.595238095238095;216.6904761904762
269;Estrato 4;TOLIMA;Si;53.5346062052506;56.31145584725537;58.059665871121716;57.42601431980907;53.91288782816229;277.5417661097852
270;Estrato 4;VALLE;No;41.213197969543145;45.380710659898476;43.16243654822335;48.380710659898476;43.27918781725889;222.26395939086294
271;Estrato 4;VALLE;Si;54.10228426395939;57.33375634517766;59.91142131979696;58.541624365482235;55.23756345177665;282.89746192893404
272;Estrato 4;VAUPES;No;33.5;35.0;41.75;39.75;36.125;182.5
273;Estrato 4;VAUPES;Si;37.0;42.5;40.5;41.5;32.5;193.0
274;Estrato 4;VICHADA;No;36.25;41.25;40.5;41.25;42.5;201.625
275;Estrato 4;VICHADA;Si;38.333333333333336;45.5;38.166666666666664;44.666666666666664;41.333333333333336;210.66666666666666
276;Estrato 5;AMAZONAS;No;35.0;32.333333333333336;30.666666666666668;38.333333333333336;35.0;174.0
277;Estrato 5;AMAZONAS;Si;28.0;40.0;32.0;38.0;36.0;176.0
278;Estrato 5;ANTIOQUIA;No;38.54814814814815;39.837037037037035;39.370370370370374;44.13333333333333;37.39259259259259;199.65925925925927
279;Estrato 5;ANTIOQUIA;Si;57.952222222222225;60.92259259259259;65.44111111111111;60.613703703703706;57.18222222222222;298.2551851851852
280;Estrato 5;ARAUCA;No;42.45454545454545;43.18181818181818;38.72727272727273;45.90909090909091;40.72727272727273;213.54545454545453
281;Estrato 5;ARAUCA;Si;39.625;47.625;42.8125;46.8125;43.6875;221.5
282;Estrato 5;ATLANTICO;No;38.73831775700935;43.074766355140184;41.25233644859813;45.64485981308411;40.35514018691589;209.52336448598132
283;Estrato 5;ATLANTICO;Si;54.79299363057325;58.232484076433124;64.12898089171975;58.48566878980892;55.65764331210191;286.7770700636943
284;Estrato 5;BOGOTA;No;51.5;54.5;56.5;53.5;52.5;266.5
285;Estrato 5;BOGOTA;Si;67.59002433090025;71.25182481751825;80.5742092457421;68.8698296836983;67.42457420924575;348.45985401459853
286;Estrato 5;BOGOTÁ;No;47.01754385964912;50.56140350877193;46.29824561403509;53.31578947368421;46.26315789473684;245.26315789473685
287;Estrato 5;BOGOTÁ;Si;61.79232175502742;65.00914076782449;71.81499085923218;63.492504570383915;61.15283363802559;317.75868372943324
288;Estrato 5;BOLIVAR;No;35.46788990825688;39.22018348623853;37.059633027522935;41.42201834862385;38.018348623853214;192.10550458715596
289;Estrato 5;BOLIVAR;Si;53.79049676025918;56.48380129589633;60.961123110151185;56.98272138228942;53.82505399568034;278.53131749460044
290;Estrato 5;BOYACA;No;43.18181818181818;49.36363636363637;46.59090909090909;48.31818181818182;44.40909090909091;231.72727272727272
291;Estrato 5;BOYACA;Si;56.75757575757576;60.717171717171716;60.26767676767677;58.43939393939394;56.16161616161616;291.0
292;Estrato 5;CALDAS;No;44.05;42.7;41.15;46.75;42.2;218.55
293;Estrato 5;CALDAS;Si;58.09326424870466;60.067357512953365;61.1139896373057;59.424870466321245;57.69948186528497;295.01554404145077
294;Estrato 5;CAQUETA;No;39.0;44.86666666666667;40.0;45.733333333333334;43.733333333333334;215.4
295;Estrato 5;CAQUETA;Si;42.5;45.041666666666664;42.625;48.083333333333336;41.666666666666664;220.95833333333334
296;Estrato 5;CASANARE;No;40.76923076923077;46.61538461538461;43.07692307692308;48.07692307692308;41.15384615384615;220.3846153846154
297;Estrato 5;CASANARE;Si;45.46153846153846;48.717948717948715;48.333333333333336;48.58974358974359;47.07692307692308;237.6153846153846
298;Estrato 5;CAUCA;No;38.27710843373494;41.08433734939759;41.55421686746988;44.36144578313253;40.855421686746986;205.89156626506025
299;Estrato 5;CAUCA;Si;53.05911330049261;57.206896551724135;56.8128078817734;56.47290640394089;54.20197044334975;276.7931034482759
300;Estrato 5;CESAR;No;39.0;43.3125;40.208333333333336;44.8125;41.770833333333336;210.27083333333334
301;Estrato 5;CESAR;Si;52.80722891566265;55.2710843373494;58.95783132530121;55.734939759036145;52.86746987951807;272.6686746987952
302;Estrato 5;CHOCO;No;34.54838709677419;37.20967741935484;38.25806451612903;40.03225806451613;36.596774193548384;185.98387096774192
303;Estrato 5;CHOCO;Si;36.172413793103445;40.793103448275865;38.56896551724138;44.06896551724138;38.293103448275865;198.6551724137931
304;Estrato 5;CORDOBA;No;37.8448275862069;42.61206896551724;41.1551724137931;45.31896551724138;41.38793103448276;208.6551724137931
305;Estrato 5;CORDOBA;Si;49.781065088757394;52.798816568047336;55.04733727810651;54.023668639053255;50.8698224852071;260.5562130177515
306;Estrato 5;CUNDINAMARCA;No;41.24390243902439;47.390243902439025;41.68292682926829;46.707317073170735;43.46341463414634;222.34146341463415
307;Estrato 5;CUNDINAMARCA;Si;56.30703624733476;60.38592750533049;64.74626865671642;59.808102345415776;56.87420042643923;294.181236673774
308;Estrato 5;GUAINIA;No;33.0;36.333333333333336;42.333333333333336;37.666666666666664;38.333333333333336;184.0
309;Estrato 5;GUAINIA;Si;40.0;63.0;48.0;50.0;45.0;247.0
310;Estrato 5;GUAVIARE;No;31.0;42.0;31.5;38.0;33.5;179.0
311;Estrato 5;GUAVIARE;Si;44.0;36.0;50.0;48.0;51.0;226.0
312;Estrato 5;HUILA;No;34.6875;41.4375;40.125;43.0;38.8125;197.6875
313;Estrato 5;HUILA;Si;53.14705882352941;57.35294117647059;58.627450980392155;56.872549019607845;53.970588235294116;277.9117647058824
314;Estrato 5;LA GUAJIRA;No;37.33720930232558;41.58139534883721;38.19767441860465;43.18604651162791;39.26744186046512;200.8953488372093
315;Estrato 5;LA GUAJIRA;Si;39.027522935779814;42.89908256880734;40.81651376146789;45.357798165137616;40.87155963302752;209.71559633027522
316;Estrato 5;MAGDALENA;No;35.905797101449274;40.39855072463768;37.45652173913044;41.80434782608695;39.01449275362319;195.70289855072463
317;Estrato 5;MAGDALENA;Si;48.972727272727276;51.14545454545455;52.68636363636364;53.82272727272727;48.9;254.3181818181818
318;Estrato 5;META;No;39.111111111111114;43.7037037037037;39.888888888888886;45.96296296296296;41.851851851851855;212.25925925925927
319;Estrato 5;META;Si;53.820689655172416;58.51034482758621;57.255172413793105;56.56551724137931;54.5448275862069;279.84137931034485
320;Estrato 5;NARIÑO;No;37.41573033707865;40.30337078651685;38.8876404494382;43.12359550561798;39.853932584269664;200.37078651685394
321;Estrato 5;NARIÑO;Si;54.246153846153845;58.00512820512821;58.205128205128204;57.83076923076923;55.67179487179487;282.85128205128206
322;Estrato 5;NORTE SANTANDER;No;40.46666666666667;43.6;41.53333333333333;46.6;43.03333333333333;216.4
323;Estrato 5;NORTE SANTANDER;Si;56.21468926553672;60.07909604519774;59.92655367231639;58.898305084745765;56.02824858757062;289.864406779661
324;Estrato 5;PUTUMAYO;No;38.78947368421053;43.05263157894737;40.1578947368421;44.8421052631579;40.05263157894737;207.89473684210526
325;Estrato 5;PUTUMAYO;Si;40.31818181818182;46.09090909090909;41.72727272727273;46.86363636363637;44.22727272727273;220.95454545454547
326;Estrato 5;QUINDIO;No;42.6;42.93333333333333;41.46666666666667;43.2;41.6;212.53333333333333
327;Estrato 5;QUINDIO;Si;58.97925311203319;62.510373443983404;63.54771784232365;61.19502074688797;59.39004149377593;303.76348547717845
328;Estrato 5;RISARALDA;No;45.6;51.28;51.6;51.64;47.8;246.32
329;Estrato 5;RISARALDA;Si;57.144554455445544;60.364356435643565;64.24554455445545;60.78415841584158;57.552475247524754;296.84554455445544
330;Estrato 5;SAN ANDRES;No;38.0;40.0;37.2;37.2;37.4;190.6
331;Estrato 5;SAN ANDRES;Si;48.23076923076923;51.92307692307692;63.84615384615385;51.92307692307692;46.76923076923077;254.07692307692307
332;Estrato 5;SANTANDER;No;42.57446808510638;48.808510638297875;43.06382978723404;50.680851063829785;44.851063829787236;232.25531914893617
333;Estrato 5;SANTANDER;Si;60.75739644970414;65.1301775147929;67.85650887573965;63.36538461538461;61.77218934911242;315.7381656804734
334;Estrato 5;SUCRE;No;38.13513513513514;43.66216216216216;40.486486486486484;44.66216216216216;42.16216216216216;210.1081081081081
335;Estrato 5;SUCRE;Si;49.921875;52.609375;53.5625;55.125;52.125;262.625
336;Estrato 5;TOLIMA;No;36.851063829787236;40.48936170212766;39.787234042553195;42.765957446808514;39.702127659574465;199.68085106382978
337;Estrato 5;TOLIMA;Si;54.047846889952154;56.889952153110045;58.334928229665074;57.92822966507177;53.61244019138756;279.13397129186603
338;Estrato 5;VALLE;No;39.83505154639175;44.44329896907217;43.0;47.371134020618555;41.01030927835052;215.79381443298968
339;Estrato 5;VALLE;Si;58.17239819004525;61.07556561085973;66.56651583710408;61.150678733031675;58.62036199095023;301.40090497737555
340;Estrato 5;VAUPES;No;36.4;43.2;39.2;38.6;36.8;194.0
341;Estrato 5;VAUPES;Si;37.0;41.0;42.333333333333336;34.0;43.333333333333336;195.33333333333334
342;Estrato 5;VICHADA;No;37.75;52.25;38.5;46.0;42.25;220.5
343;Estrato 6;AMAZONAS;No;31.166666666666668;37.166666666666664;36.0;42.833333333333336;34.833333333333336;182.16666666666666
344;Estrato 6;AMAZONAS;Si;37.75;41.5;40.75;40.0;37.25;196.25
345;Estrato 6;ANTIOQUIA;No;37.02040816326531;39.1530612244898;37.37755102040816;42.816326530612244;37.41836734693877;194.83673469387756
346;Estrato 6;ANTIOQUIA;Si;58.84451219512195;62.0952743902439;71.54725609756098;60.97560975609756;57.68292682926829;303.9618902439024
347;Estrato 6;ARAUCA;No;38.55555555555556;42.44444444444444;38.22222222222222;40.44444444444444;38.77777777777778;199.66666666666666
348;Estrato 6;ARAUCA;Si;32.8;40.6;41.6;38.6;39.6;190.8
349;Estrato 6;ATLANTICO;No;37.725806451612904;40.87096774193548;40.306451612903224;43.516129032258064;40.37096774193548;202.9516129032258
350;Estrato 6;ATLANTICO;Si;57.20303605313093;60.584440227703986;69.75901328273245;60.62618595825427;57.705882352941174;299.28842504743835
351;Estrato 6;BOGOTA;Si;67.7611111111111;71.5411111111111;82.02888888888889;68.65444444444445;67.04222222222222;348.8566666666667
352;Estrato 6;BOGOTÁ;No;48.303030303030305;49.484848484848484;47.666666666666664;51.54545454545455;46.27272727272727;244.0
353;Estrato 6;BOGOTÁ;Si;62.47663551401869;65.93673616103523;76.61107117181884;64.04385334291877;61.718907260963334;322.7332854061826
354;Estrato 6;BOLIVAR;No;34.69318181818182;37.52272727272727;37.4375;40.8125;37.375;187.96022727272728
355;Estrato 6;BOLIVAR;Si;59.182758620689654;61.98965517241379;70.16206896551724;61.641379310344824;59.00689655172414;306.0344827586207
356;Estrato 6;BOYACA;No;40.78947368421053;46.05263157894737;42.21052631578947;45.78947368421053;41.89473684210526;217.57894736842104
357;Estrato 6;BOYACA;Si;53.84848484848485;56.72727272727273;56.36363636363637;56.93939393939394;51.09090909090909;273.969696969697
358;Estrato 6;CALDAS;No;40.84615384615385;39.15384615384615;39.92307692307692;47.23076923076923;40.38461538461539;208.76923076923077
359;Estrato 6;CALDAS;Si;61.01327433628319;63.34070796460177;69.78318584070796;62.491150442477874;60.402654867256636;312.10176991150445
360;Estrato 6;CAQUETA;No;39.5;39.4;37.0;44.0;36.4;198.0
361;Estrato 6;CAQUETA;Si;39.9;45.3;39.2;45.0;40.0;211.5
362;Estrato 6;CASANARE;No;37.9;39.6;39.0;41.5;41.1;199.7
363;Estrato 6;CASANARE;Si;48.0;53.18181818181818;48.27272727272727;51.90909090909091;46.90909090909091;249.27272727272728
364;Estrato 6;CAUCA;No;35.8;40.483333333333334;38.46666666666667;42.53333333333333;38.25;196.05
365;Estrato 6;CAUCA;Si;49.98765432098765;55.50617283950617;55.01234567901235;53.81481481481482;50.97530864197531;263.82716049382714
366;Estrato 6;CESAR;No;36.88235294117647;43.38235294117647;39.73529411764706;44.5;41.411764705882355;207.0
367;Estrato 6;CESAR;Si;53.36363636363637;54.56363636363636;59.78181818181818;56.527272727272724;53.45454545454545;274.43636363636364
368;Estrato 6;CHOCO;No;35.04761904761905;35.888888888888886;38.333333333333336;40.57142857142857;35.58730158730159;184.55555555555554
369;Estrato 6;CHOCO;Si;37.2;40.628571428571426;37.6;39.68571428571428;35.885714285714286;191.4857142857143
370;Estrato 6;CORDOBA;No;36.95945945945946;40.027027027027025;38.5945945945946;42.75675675675676;39.41891891891892;198.54054054054055
371;Estrato 6;CORDOBA;Si;54.89473684210526;56.48421052631579;62.88421052631579;57.8;55.68421052631579;283.65263157894736
372;Estrato 6;CUNDINAMARCA;No;41.27272727272727;45.515151515151516;43.09090909090909;47.121212121212125;43.0;220.66666666666666
373;Estrato 6;CUNDINAMARCA;Si;58.926829268292686;61.88211382113821;69.78048780487805;61.28861788617886;59.2479674796748;305.3577235772358
374;Estrato 6;GUAINIA;Si;36.0;39.0;32.0;28.0;36.0;173.0
375;Estrato 6;GUAVIARE;No;34.25;37.5;34.5;36.5;36.75;180.5
376;Estrato 6;GUAVIARE;Si;46.5;49.75;46.0;51.25;46.25;241.25
377;Estrato 6;HUILA;No;43.714285714285715;45.857142857142854;43.42857142857143;46.42857142857143;41.285714285714285;221.28571428571428
378;Estrato 6;HUILA;Si;45.54838709677419;49.25806451612903;48.03225806451613;48.58064516129032;44.935483870967744;235.80645161290323
379;Estrato 6;LA GUAJIRA;No;33.9375;37.604166666666664;36.5;40.395833333333336;38.354166666666664;187.47916666666666
380;Estrato 6;LA GUAJIRA;Si;37.50877192982456;41.19298245614035;39.98245614035088;42.50877192982456;39.98245614035088;201.40350877192984
381;Estrato 6;MAGDALENA;No;37.18518518518518;40.77777777777778;38.75308641975309;43.91358024691358;39.53086419753087;201.1851851851852
382;Estrato 6;MAGDALENA;Si;49.40119760479042;52.05988023952096;55.041916167664674;54.44311377245509;48.91616766467066;257.49700598802394
383;Estrato 6;META;No;42.38461538461539;51.15384615384615;42.07692307692308;48.69230769230769;44.46153846153846;231.6153846153846
384;Estrato 6;META;Si;55.134328358208954;60.71641791044776;62.23880597014925;59.656716417910445;56.23880597014925;291.32835820895525
385;Estrato 6;NARIÑO;No;39.24285714285714;41.94285714285714;39.957142857142856;44.74285714285714;39.857142857142854;206.6
386;Estrato 6;NARIÑO;Si;43.91379310344828;46.810344827586206;47.0;47.1551724137931;44.758620689655174;228.77586206896552
387;Estrato 6;NORTE SANTANDER;No;40.611111111111114;45.666666666666664;40.44444444444444;45.0;42.5;216.11111111111111
388;Estrato 6;NORTE SANTANDER;Si;53.457142857142856;56.42857142857143;58.75714285714286;57.18571428571428;53.628571428571426;277.3285714285714
389;Estrato 6;PUTUMAYO;No;36.416666666666664;43.333333333333336;41.416666666666664;41.333333333333336;40.416666666666664;202.16666666666666
390;Estrato 6;PUTUMAYO;Si;36.5;41.7;36.2;43.6;39.4;199.9
391;Estrato 6;QUINDIO;No;45.42857142857143;44.0;43.142857142857146;49.0;44.714285714285715;228.0
392;Estrato 6;QUINDIO;Si;60.027027027027025;63.63513513513514;67.78378378378379;61.16216216216216;59.5945945945946;308.06756756756755
393;Estrato 6;RISARALDA;No;35.916666666666664;41.75;39.583333333333336;44.583333333333336;41.0;203.5
394;Estrato 6;RISARALDA;Si;59.92079207920792;62.65676567656766;68.43564356435644;61.90759075907591;59.66006600660066;308.03300330033005
395;Estrato 6;SAN ANDRES;No;30.666666666666668;34.666666666666664;42.0;31.333333333333332;31.333333333333332;164.0
396;Estrato 6;SAN ANDRES;Si;51.333333333333336;49.666666666666664;54.0;57.0;45.333333333333336;255.66666666666666
397;Estrato 6;SANTANDER;No;42.43478260869565;49.69565217391305;39.65217391304348;48.52173913043478;42.26086956521739;226.3913043478261
398;Estrato 6;SANTANDER;Si;63.598404255319146;68.36702127659575;72.93617021276596;65.31117021276596;64.69148936170212;330.3351063829787
399;Estrato 6;SUCRE;No;35.883720930232556;40.0;39.02325581395349;40.02325581395349;39.95348837209303;194.7674418604651
400;Estrato 6;SUCRE;Si;54.10909090909091;58.38181818181818;55.8;57.74545454545454;54.054545454545455;280.2909090909091
401;Estrato 6;TOLIMA;No;37.19230769230769;38.53846153846154;38.92307692307692;40.46153846153846;39.03846153846154;194.15384615384616
402;Estrato 6;TOLIMA;Si;55.47761194029851;59.02985074626866;61.08955223880597;57.507462686567166;55.492537313432834;285.9850746268657
403;Estrato 6;VALLE;No;41.69642857142857;42.982142857142854;40.875;46.92857142857143;42.339285714285715;216.33928571428572
404;Estrato 6;VALLE;Si;59.37598204264871;62.68911335578002;71.63524130190797;62.255892255892256;59.9618406285073;309.4231200897868
405;Estrato 6;VAUPES;No;38.0;39.25;38.5;42.375;36.625;195.125
406;Estrato 6;VAUPES;Si;29.5;31.5;32.0;41.0;32.0;167.0
407;Sin Estrato;AMAZONAS;No;38.578947368421055;39.8859649122807;39.68421052631579;43.6578947368421;40.41228070175438;202.78947368421052
408;Sin Estrato;AMAZONAS;Si;38.92857142857143;41.214285714285715;38.92857142857143;43.0;41.07142857142857;204.5
409;Sin Estrato;ANTIOQUIA;No;38.49559471365639;41.15088105726872;38.86674008810573;44.38876651982379;39.948237885462554;204.1442731277533
410;Sin Estrato;ANTIOQUIA;Si;43.18100890207715;45.86053412462908;44.39020771513353;48.519287833827896;43.468842729970326;225.95845697329378
411;Sin Estrato;ARAUCA;No;41.575;45.9375;41.62916666666667;46.88333333333333;44.016666666666666;221.87083333333334
412;Sin Estrato;ARAUCA;Si;39.88095238095238;44.95238095238095;40.76190476190476;45.07142857142857;43.25;215.5
413;Sin Estrato;ATLANTICO;No;37.59413580246913;41.86265432098765;39.93827160493827;43.71141975308642;40.33179012345679;204.01543209876544
414;Sin Estrato;ATLANTICO;Si;40.3027027027027;44.045945945945945;43.556756756756755;46.38918918918919;41.913513513513514;215.96216216216217
415;Sin Estrato;BOGOTA;No;39.0;44.0;39.5;37.0;34.0;193.0
416;Sin Estrato;BOGOTA;Si;60.92307692307692;64.71794871794872;74.53846153846153;61.82051282051282;59.0;313.02564102564105
417;Sin Estrato;BOGOTÁ;No;41.808510638297875;44.590425531914896;41.92553191489362;47.25;42.340425531914896;219.1595744680851
418;Sin Estrato;BOGOTÁ;Si;45.88220551378446;49.06516290726817;48.741854636591476;51.205513784461154;47.067669172932334;241.7017543859649
419;Sin Estrato;BOLIVAR;No;36.66509926854754;40.820271682340646;38.4226750261233;42.67450365726228;39.35945663531871;198.8437826541275
420;Sin Estrato;BOLIVAR;Si;39.04716981132076;42.87547169811321;41.59245283018868;45.31698113207547;41.07924528301887;210.20754716981133
421;Sin Estrato;BOYACA;No;41.38502673796791;46.51336898395722;41.75401069518717;46.43850267379679;44.54545454545455;222.45989304812835
422;Sin Estrato;BOYACA;Si;46.19191919191919;51.26262626262626;46.19191919191919;50.888888888888886;46.63636363636363;242.77777777777777
423;Sin Estrato;CALDAS;No;43.025;45.9125;42.11875;47.35;45.1;225.4875
424;Sin Estrato;CALDAS;Si;43.07446808510638;45.787234042553195;42.340425531914896;47.52127659574468;43.819148936170215;224.2340425531915
425;Sin Estrato;CAQUETA;No;39.16226415094339;42.55849056603773;38.509433962264154;44.362264150943396;40.61132075471698;207.1509433962264
426;Sin Estrato;CAQUETA;Si;41.21176470588235;43.588235294117645;42.76470588235294;45.44705882352941;42.62352941176471;215.9294117647059
427;Sin Estrato;CASANARE;No;40.76969696969697;44.624242424242425;42.24242424242424;45.28484848484848;42.6;216.1939393939394
428;Sin Estrato;CASANARE;Si;46.31111111111111;50.111111111111114;43.68888888888889;50.2;46.86666666666667;240.11111111111111
429;Sin Estrato;CAUCA;No;38.406356413166854;42.27014755959137;39.256526674233825;43.83314415437003;41.558456299659476;206.70374574347332
430;Sin Estrato;CAUCA;Si;40.990625;44.6875;41.4;46.284375;42.821875;217.603125
431;Sin Estrato;CESAR;No;40.14031971580817;43.761989342806395;40.62877442273535;45.57726465364121;42.51865008880995;214.09769094138542
432;Sin Estrato;CESAR;Si;40.41025641025641;44.44102564102564;42.687179487179485;46.07179487179487;42.94358974358974;217.03589743589743
433;Sin Estrato;CHOCO;No;35.91170431211499;39.6652977412731;39.13552361396304;41.667351129363446;37.83367556468173;193.99383983572895
434;Sin Estrato;CHOCO;Si;37.316964285714285;40.745535714285715;38.982142857142854;43.026785714285715;38.4375;199.08928571428572
435;Sin Estrato;CORDOBA;No;38.44905320108206;42.08836789900811;40.052299368800725;44.688908926961226;41.66636609558161;207.97294860234445
436;Sin Estrato;CORDOBA;Si;40.673469387755105;44.36224489795919;43.21938775510204;47.12244897959184;43.69387755102041;219.56632653061226
437;Sin Estrato;CUNDINAMARCA;No;43.00920245398773;47.19631901840491;41.75766871165644;47.70245398773006;44.828220858895705;226.91104294478527
438;Sin Estrato;CUNDINAMARCA;Si;46.29351535836177;50.358361774744026;47.6518771331058;51.95221843003413;47.60750853242321;244.6962457337884
439;Sin Estrato;EXTRANJERO;Si;33.0;48.0;36.0;36.0;44.0;200.0
440;Sin Estrato;GUAINIA;No;36.67088607594937;41.79746835443038;40.22784810126582;41.177215189873415;40.0253164556962;199.72151898734177
441;Sin Estrato;GUAINIA;Si;37.2;38.2;44.8;41.0;44.6;203.2
442;Sin Estrato;GUAVIARE;No;39.10752688172043;43.795698924731184;38.83870967741935;43.70967741935484;41.75268817204301;209.1720430107527
443;Sin Estrato;GUAVIARE;Si;39.13333333333333;42.46666666666667;39.0;46.0;39.2;207.4
444;Sin Estrato;HUILA;No;41.29943502824859;46.33898305084746;41.6271186440678;47.610169491525426;44.5819209039548;223.5141242937853
445;Sin Estrato;HUILA;Si;44.65384615384615;49.09230769230769;45.05384615384615;49.53846153846154;46.97692307692308;236.90769230769232
446;Sin Estrato;LA GUAJIRA;No;37.31065088757396;40.73890532544379;38.669378698224854;42.650887573964496;39.616863905325445;199.84319526627218
447;Sin Estrato;LA GUAJIRA;Si;39.31707317073171;43.11585365853659;41.0;45.23170731707317;41.46646341463415;210.9390243902439
448;Sin Estrato;MAGDALENA;No;37.524225575853855;41.41143764892772;38.71803018268467;43.20413026211279;40.00317712470214;201.9801429706116
449;Sin Estrato;MAGDALENA;Si;38.91511936339523;41.42175066312998;39.6604774535809;44.54907161803713;40.822281167108756;206.46419098143235
450;Sin Estrato;META;No;42.01700680272109;47.0;42.343537414965986;47.24149659863946;44.173469387755105;224.48639455782313
451;Sin Estrato;META;Si;41.82142857142857;46.794642857142854;43.00892857142857;48.49107142857143;44.44642857142857;226.00892857142858
452;Sin Estrato;NARIÑO;No;39.61173533083645;43.670411985018724;40.506866416978774;45.4394506866417;42.12359550561798;212.70911360799002
453;Sin Estrato;NARIÑO;Si;43.25082508250825;47.082508250825086;43.76237623762376;48.56765676567657;45.67656765676568;229.82178217821783
454;Sin Estrato;NORTE SANTANDER;No;41.01185770750988;45.71146245059288;40.798418972332016;45.69565217391305;43.54940711462451;218.74308300395256
455;Sin Estrato;NORTE SANTANDER;Si;46.583333333333336;49.984848484848484;46.416666666666664;51.31818181818182;47.42424242424242;243.20454545454547
456;Sin Estrato;PUTUMAYO;No;40.006410256410255;45.322649572649574;41.30128205128205;45.81837606837607;43.66025641025641;217.5854700854701
457;Sin Estrato;PUTUMAYO;Si;44.34710743801653;48.925619834710744;44.22314049586777;49.54545454545455;46.51239669421488;235.4793388429752
458;Sin Estrato;QUINDIO;No;40.851351351351354;44.0945945945946;41.527027027027025;46.945945945945944;41.972972972972975;216.56756756756758
459;Sin Estrato;QUINDIO;Si;43.6;47.31428571428572;45.142857142857146;48.67142857142857;45.55714285714286;230.97142857142856
460;Sin Estrato;RISARALDA;No;40.26;44.38;42.53;45.93;41.96;215.43
461;Sin Estrato;RISARALDA;Si;45.566265060240966;47.963855421686745;47.9277108433735;50.51807228915663;45.6144578313253;237.24096385542168
462;Sin Estrato;SAN ANDRES;No;32.46153846153846;38.23076923076923;49.53846153846154;41.15384615384615;37.46153846153846;191.23076923076923
463;Sin Estrato;SAN ANDRES;Si;44.333333333333336;48.888888888888886;50.333333333333336;52.44444444444444;43.44444444444444;237.66666666666666
464;Sin Estrato;SANTANDER;No;41.65748031496063;47.389763779527556;42.811023622047244;48.12204724409449;44.45275590551181;226.03543307086613
465;Sin Estrato;SANTANDER;Si;48.06572769953052;52.779342723004696;48.183098591549296;53.816901408450704;50.52582159624413;255.29107981220656
466;Sin Estrato;SUCRE;No;38.136;41.9744;39.3328;44.0064;41.2528;205.9408
467;Sin Estrato;SUCRE;Si;41.65714285714286;46.15238095238095;42.72380952380952;47.695238095238096;43.59047619047619;223.06666666666666
468;Sin Estrato;TOLIMA;No;39.67567567567568;43.02316602316602;40.17760617760618;45.293436293436294;41.5984555984556;211.12741312741312
469;Sin Estrato;TOLIMA;Si;42.666666666666664;45.44144144144144;42.513513513513516;47.24324324324324;43.68468468468468;222.9189189189189
470;Sin Estrato;VALLE;No;39.72803347280335;42.56694560669456;40.82845188284519;45.54811715481171;41.06066945606695;210.581589958159
471;Sin Estrato;VALLE;Si;43.40079365079365;46.68055555555556;45.25;48.51984126984127;44.71825396825397;228.94444444444446
472;Sin Estrato;VAUPES;No;37.914529914529915;41.0940170940171;40.60683760683761;42.675213675213676;40.69230769230769;202.96581196581195
473;Sin Estrato;VAUPES;Si;37.0;38.125;37.875;40.5;39.0;193.0
474;Sin Estrato;VICHADA;No;38.43333333333333;42.56666666666667;39.522222222222226;43.75555555555555;41.833333333333336;207.44444444444446
475;Sin Estrato;VICHADA;Si;47.72727272727273;48.54545454545455;41.36363636363637;53.18181818181818;47.45454545454545;243.0909090909091
