;FAMI_ESTRATOVIVIENDA;ESTU_DEPTO_RESIDE;FAMI_TIENELAVADORA;PUNT_SOCIALES_CIUDADANAS;PUNT_MATEMATICAS;PUNT_INGLES;PUNT_LECTURA_CRITICA;PUNT_C_NATURALES;PUNT_GLOBAL
0;Estrato 1;AMAZONAS;No;40.77386934673367;42.58793969849246;42.2964824120603;46.040201005025125;41.969849246231156;213.98994974874373
1;Estrato 1;AMAZONAS;Si;44.391304347826086;45.95652173913044;44.356521739130436;48.63478260869565;45.28695652173913;229.66086956521738
2;Estrato 1;ANTIOQUIA;No;42.97396518941056;45.10019014187509;40.974550241333915;48.2876992833114;42.91516747111306;222.61839988298962
3;Estrato 1;ANTIOQUIA;Si;44.089096231247716;46.91126966703256;42.83546773996829;49.78521770947677;44.26942310037809;230.00158555921453
4;Estrato 1;ARAUCA;No;45.386138613861384;49.64108910891089;44.4220297029703;50.45049504950495;47.06930693069307;239.24381188118812
5;Estrato 1;ARAUCA;Si;46.76979936642027;51.93611404435058;46.30728616684266;51.721224920802534;48.66209081309398;247.52006335797253
6;Estrato 1;ATLANTICO;No;44.299546545745535;48.30968258202187;44.563350226727124;49.847425980261406;46.10882902107229;234.7223259535876
7;Estrato 1;ATLANTICO;Si;45.72070588235294;49.76541176470588;46.50705882352941;51.22392156862745;47.41443137254902;241.87749019607844
8;Estrato 1;BOGOTA;No;39.142857142857146;37.666666666666664;35.857142857142854;43.857142857142854;39.904761904761905;199.0952380952381
9;Estrato 1;BOGOTA;Si;44.79347826086956;45.42391304347826;45.73913043478261;49.04347826086956;44.93478260869565;230.20652173913044
10;Estrato 1;BOGOTÁ;No;45.631552917903065;48.87636003956479;44.91988130563798;50.59347181008902;46.375865479723046;238.21463897131554
11;Estrato 1;BOGOTÁ;Si;47.26210098665119;51.233313987231575;46.96575739988393;52.31665699361579;48.51909460243761;248.06314567614626
12;Estrato 1;BOLIVAR;No;42.06638736706413;45.63938124395746;42.00161134386078;47.728971962616825;43.51788591685466;222.64195939413472
13;Estrato 1;BOLIVAR;Si;43.03562505783289;46.95836032201351;43.31979272693624;48.78476913111872;44.85722217081521;228.54113074858887
14;Estrato 1;BOYACA;No;46.53617239610056;51.60569522832222;44.925602873268346;50.7891226269882;48.3945613134941;244.95895330938944
15;Estrato 1;BOYACA;Si;47.936127167630055;53.29017341040463;47.10057803468208;52.60260115606936;49.82890173410404;253.11156069364162
16;Estrato 1;CALDAS;No;44.59766385463985;47.15833874107722;43.64892926670993;49.76119402985075;45.73069435431538;232.8429591174562
17;Estrato 1;CALDAS;Si;45.27376988531262;48.94894561598224;45.321124676285606;50.367739548649645;46.9211986681465;238.4080651128376
18;Estrato 1;CAQUETA;No;43.89818688981869;48.24476987447699;43.14365411436541;49.03695955369596;45.01046025104603;231.42538354253836
19;Estrato 1;CAQUETA;Si;46.86454957874271;50.86390149060272;45.891769280622164;51.59818535320804;47.440699935191184;244.69345430978612
20;Estrato 1;CASANARE;No;45.51819986763733;50.172733289212445;44.52217074784911;50.38120450033091;47.33884844473858;240.29649238914627
21;Estrato 1;CASANARE;Si;47.657552666965486;52.79650380995069;47.19318691169879;52.5311519497983;49.376064545047065;251.6584491259525
22;Estrato 1;CAUCA;No;43.80374181478017;47.40729653882133;42.81272217025257;48.70776426566885;45.4956033676333;230.41085126286248
23;Estrato 1;CAUCA;Si;46.506245662734216;50.666897987508676;45.63428174878557;51.25676613462873;48.097848716169324;244.30499653018737
24;Estrato 1;CESAR;No;44.84805244890089;48.98225993058234;44.35210181257231;50.23486309294254;46.67990744311608;237.1469340532202
25;Estrato 1;CESAR;Si;45.286982672203926;49.48847200343692;45.01116998424746;50.728626664757265;47.09566089073464;239.54074180151798
26;Estrato 1;CHOCO;No;40.1604774535809;43.06366047745358;41.762599469496024;45.236074270557026;40.91644562334218;211.47745358090185
27;Estrato 1;CHOCO;Si;42.31269627635711;45.653207716464784;43.51547779273217;47.68371467025572;42.74293405114401;222.57514580529386
28;Estrato 1;CORDOBA;No;44.09815950920245;47.829057445621864;44.044060234244284;49.68153931957613;46.261572783045175;233.71305075292804
29;Estrato 1;CORDOBA;Si;45.98649895178197;49.97249475890985;45.857861635220125;51.51823899371069;48.173668763102725;243.39069182389937
30;Estrato 1;CUNDINAMARCA;No;45.39766392354659;49.363950092912134;44.27289620387576;50.17892221927263;46.95380939739846;238.44783647464826
31;Estrato 1;CUNDINAMARCA;Si;46.29105965342739;51.00812758779328;45.84434902622297;51.63379849716301;47.874865818126054;244.71522772580892
32;Estrato 1;EXTRANJERO;No;47.333333333333336;56.333333333333336;43.666666666666664;52.333333333333336;46.0;249.66666666666666
33;Estrato 1;EXTRANJERO;Si;52.5;55.625;48.625;54.25;49.875;263.75
34;Estrato 1;GUAINIA;No;43.231884057971016;45.68115942028985;42.94202898550725;46.130434782608695;43.594202898550726;222.6086956521739
35;Estrato 1;GUAINIA;Si;46.72549019607843;54.549019607843135;46.254901960784316;52.568627450980394;48.05882352941177;250.76470588235293
36;Estrato 1;GUAVIARE;No;42.30084745762712;47.36440677966102;40.847457627118644;47.309322033898304;43.79237288135593;224.28813559322035
37;Estrato 1;GUAVIARE;Si;45.08417508417509;51.03703703703704;43.01010101010101;50.74074074074074;46.92929292929293;240.15824915824916
38;Estrato 1;HUILA;No;46.713320724128614;51.04620372872197;45.70953796271278;51.82680356660362;48.72656038908403;246.408808430154
39;Estrato 1;HUILA;Si;47.57213184931507;52.227097602739725;47.05115582191781;52.79173801369863;49.730736301369866;251.54130993150685
40;Estrato 1;LA GUAJIRA;No;42.595238095238095;46.02020202020202;41.774170274170274;47.70779220779221;43.76406926406926;223.85209235209234
41;Estrato 1;LA GUAJIRA;Si;43.96334253054789;47.845880961765864;43.20772566022862;49.42136381553016;45.5672053606622;232.15963736696887
42;Estrato 1;MAGDALENA;No;41.86775510204082;45.0665306122449;41.116734693877554;47.28081632653061;43.34979591836735;220.7004081632653
43;Estrato 1;MAGDALENA;Si;42.64454694241928;46.086296682041365;42.013242077071865;48.23300104151168;44.2216932004166;225.21871745276002
44;Estrato 1;META;No;44.98483997754071;49.674340258281866;44.17742841100505;50.43627175743964;46.870297585626055;238.49017405951713
45;Estrato 1;META;Si;46.213976321108866;51.131388969101934;45.71383193762634;51.61911637308692;47.943401674848396;244.79006641640197
46;Estrato 1;NARIÑO;No;47.36201950659782;51.84670109007458;46.440963855421685;51.8512908777969;49.63293172690763;249.42570281124497
47;Estrato 1;NARIÑO;Si;47.55850499044383;52.363983860692294;47.14631556593756;52.37821193459333;49.57103418984922;251.06476959014654
48;Estrato 1;NORTE SANTANDER;No;47.21898468008411;52.5581255632322;46.34905376990087;52.47401622108741;49.50405527185341;250.6227095223791
49;Estrato 1;NORTE SANTANDER;Si;47.717433456724834;53.05834655385158;47.07315353428521;52.7934073682355;49.87184910981844;252.8475233562489
50;Estrato 1;PUTUMAYO;No;45.592152813629326;50.00980898296334;44.447599380485286;50.427465152297366;47.24780588538978;240.10841507485802
51;Estrato 1;PUTUMAYO;Si;47.41566690190543;52.22159491884263;46.559633027522935;52.494001411432606;49.130557515878614;250.13973182780524
52;Estrato 1;QUINDIO;No;45.26143790849673;47.98300653594771;45.53333333333333;50.179084967320264;45.6875816993464;235.7281045751634
53;Estrato 1;QUINDIO;Si;46.423719676549865;50.26630727762803;46.933692722371966;51.988679245283016;47.495956873315365;244.40646900269542
54;Estrato 1;RISARALDA;No;45.41245487364621;47.87003610108303;45.16245487364621;50.32581227436823;46.23916967509025;236.4404332129964
55;Estrato 1;RISARALDA;Si;46.420907297830375;49.73530571992111;46.66232741617357;51.48441814595661;47.65956607495069;243.28639053254437
56;Estrato 1;SAN ANDRES;No;41.23076923076923;42.84615384615385;49.61538461538461;47.07692307692308;44.30769230769231;221.46153846153845
57;Estrato 1;SAN ANDRES;Si;41.845794392523366;45.16822429906542;49.27570093457944;48.93457943925234;43.3411214953271;225.82242990654206
58;Estrato 1;SANTANDER;No;47.716870415647925;52.616870415647924;45.65012224938875;52.37041564792176;49.522982885085575;250.89266503667483
59;Estrato 1;SANTANDER;Si;48.50469743022934;53.745786128764856;46.96836142580823;53.44860458690246;50.426084553744126;255.90342636087317
60;Estrato 1;SUCRE;No;44.60515222482436;48.16440281030445;43.98126463700234;49.94847775175644;46.93255269320843;235.75222482435598
61;Estrato 1;SUCRE;Si;45.89812510370002;49.805873568939774;45.26547204247553;51.27061556329849;48.18964659034346;242.5964824954372
62;Estrato 1;TOLIMA;No;43.54211418880723;46.93668739400791;42.682023742227244;48.69700395703787;45.00904465799887;228.94064443188242
63;Estrato 1;TOLIMA;Si;45.28944099378882;49.09590062111801;44.73316770186335;50.49416149068323;46.802981366459626;238.36695652173913
64;Estrato 1;VALLE;No;45.262098335269066;48.02710027100271;44.162408052651955;50.57104142469996;45.99361207897793;236.04355400696863
65;Estrato 1;VALLE;Si;46.107530981887514;49.23307912297426;45.93794089609152;51.42116301239275;47.15929456625358;241.4212583412774
66;Estrato 1;VAUPES;No;42.80555555555556;44.8125;42.201388888888886;46.21527777777778;43.125;220.38888888888889
67;Estrato 1;VAUPES;Si;46.320754716981135;48.75471698113208;46.84905660377358;50.79245283018868;46.18867924528302;239.62264150943398
68;Estrato 1;VICHADA;No;45.251612903225805;48.21935483870968;41.806451612903224;49.89032258064516;46.08387096774194;234.63870967741934
69;Estrato 1;VICHADA;Si;46.24096385542169;50.78915662650602;43.62048192771084;51.403614457831324;47.84939759036145;243.26506024096386
70;Estrato 2;AMAZONAS;No;40.48453608247423;42.618556701030926;42.381443298969074;45.876288659793815;41.845360824742265;213.43298969072166
71;Estrato 2;AMAZONAS;Si;46.24848484848485;50.03636363636364;47.75757575757576;51.27272727272727;47.696969696969695;243.6909090909091
72;Estrato 2;ANTIOQUIA;No;44.81964117091596;47.35464724133279;43.69553487117226;50.17617698637529;44.8557938756239;232.81438014299204
73;Estrato 2;ANTIOQUIA;Si;47.30313819657199;50.21768651155088;46.83486517071017;52.67022715354255;47.205073003781294;245.77712456183932
74;Estrato 2;ARAUCA;No;45.01556420233463;49.42412451361868;44.69649805447471;50.509727626459146;46.011673151750976;237.52529182879377
75;Estrato 2;ARAUCA;Si;47.357215967246674;52.469805527123846;47.836233367451385;52.690890481064486;49.16171954964176;251.10849539406345
76;Estrato 2;ATLANTICO;No;46.39957537154989;50.102335456475586;47.538428874734606;51.77622080679406;47.46751592356688;244.1515923566879
77;Estrato 2;ATLANTICO;Si;47.83208185493853;51.819292020793796;49.61374700882911;53.23665318920703;49.25802458948758;252.32940011552108
78;Estrato 2;BOGOTA;No;45.89473684210526;48.171052631578945;46.78947368421053;50.71052631578947;46.36842105263158;238.53947368421052
79;Estrato 2;BOGOTA;Si;45.38075313807531;48.07949790794979;46.88075313807531;50.85355648535565;46.39748953974895;238.05648535564853
80;Estrato 2;BOGOTÁ;No;48.09371904101447;51.17554983158312;47.84545274420448;52.77511392906677;48.77115117891817;250.11412720427978
81;Estrato 2;BOGOTÁ;Si;50.20672497314833;53.98375748010785;50.804563687775364;54.78847460599285;51.01812761666776;261.84634269305803
82;Estrato 2;BOLIVAR;No;44.00350385423966;47.584442887175896;44.72109320252277;49.6937631394534;45.561317449194114;232.7967764540995
83;Estrato 2;BOLIVAR;Si;45.4931394394277;49.36319924944294;46.715726515773426;51.22798170517181;47.08948047378914;240.85645596341035
84;Estrato 2;BOYACA;No;48.340528259017326;53.291962510650386;47.039193410962795;52.539903436523716;49.9457540471457;253.61885827889805
85;Estrato 2;BOYACA;Si;51.596663499102526;56.3418857565199;50.683877098511246;55.4711223735614;52.784183296378416;268.9478407771091
86;Estrato 2;CALDAS;No;45.60606060606061;48.23863636363637;45.36515151515152;50.45378787878788;46.847727272727276;237.98636363636365
87;Estrato 2;CALDAS;Si;47.70819414423266;51.17547651797996;47.88819021418746;52.64747494596188;49.0294753389664;249.83611711534684
88;Estrato 2;CAQUETA;No;43.8241965973535;47.79395085066162;43.47448015122873;49.22117202268431;45.26086956521739;231.4499054820416
89;Estrato 2;CAQUETA;Si;46.90007745933385;51.19442292796282;46.79628195197521;52.22075910147173;48.1425251742835;246.9945778466305
90;Estrato 2;CASANARE;No;45.97205346294046;51.037667071688944;46.04009720534629;51.534629404617256;47.93681652490887;244.39611178614823
91;Estrato 2;CASANARE;Si;48.20955882352941;53.845996732026144;48.677696078431374;53.23937908496732;49.970179738562095;255.5718954248366
92;Estrato 2;CAUCA;No;44.51893597835888;48.216862037871955;44.30568079350766;49.597385031559966;46.20559062218214;234.5906221821461
93;Estrato 2;CAUCA;Si;48.2442799461642;52.47375504710632;48.03129205921938;53.24024226110363;49.88021534320323;253.66554508748317
94;Estrato 2;CESAR;No;46.56093023255814;50.313488372093026;46.88744186046512;51.733953488372094;47.992558139534886;244.87348837209302
95;Estrato 2;CESAR;Si;47.769503546099294;51.58888888888889;48.39858156028369;52.785106382978725;49.454137115839245;251.22411347517732
96;Estrato 2;CHOCO;No;38.96803652968037;41.821917808219176;42.50684931506849;45.141552511415526;40.23287671232877;208.0958904109589
97;Estrato 2;CHOCO;Si;41.71348940914158;45.28539576365663;42.962095875139354;47.33890746934225;42.20289855072464;220.21850613154962
98;Estrato 2;CORDOBA;No;45.08625877632899;48.91775325977934;45.75626880641926;50.70210631895687;47.391173520561686;239.23871614844535
99;Estrato 2;CORDOBA;Si;46.65698557327259;50.622247532270315;47.83124525436598;52.34396355353075;49.07441154138193;247.66097190584662
100;Estrato 2;CUNDINAMARCA;No;47.41645633518425;51.59540636042403;46.18248359414437;52.24810701665825;48.46567390206966;248.21807168096922
101;Estrato 2;CUNDINAMARCA;Si;49.19511686143573;53.71499373956594;49.23158388981636;53.99274833055092;50.36941777963272;258.09661936560934
102;Estrato 2;EXTRANJERO;Si;40.5;53.5;46.0;49.5;52.5;244.0
103;Estrato 2;GUAINIA;No;45.04347826086956;49.82608695652174;43.65217391304348;47.56521739130435;45.73913043478261;233.82608695652175
104;Estrato 2;GUAINIA;Si;49.972972972972975;55.37837837837838;50.013513513513516;55.2027027027027;51.445945945945944;263.8918918918919
105;Estrato 2;GUAVIARE;No;43.71910112359551;47.662921348314605;42.49438202247191;49.62921348314607;45.49438202247191;231.5505617977528
106;Estrato 2;GUAVIARE;Si;46.67741935483871;51.982078853046595;45.82078853046595;51.903225806451616;48.831541218637994;247.69175627240142
107;Estrato 2;HUILA;No;48.41920903954802;52.066101694915254;47.11412429378531;52.811299435028246;49.855932203389834;252.52937853107343
108;Estrato 2;HUILA;Si;49.679509035117626;54.25536992840095;49.917149676099555;54.336685987043985;51.42840095465394;261.1563245823389
109;Estrato 2;LA GUAJIRA;No;43.63090128755365;46.67381974248927;43.17024320457797;48.5722460658083;44.682403433476395;228.39484978540773
110;Estrato 2;LA GUAJIRA;Si;45.738195615514336;49.80902192242833;45.57504215851602;51.147976391231026;47.27192242833052;241.34443507588531
111;Estrato 2;MAGDALENA;No;43.20700985761227;46.44140197152245;43.0197152245345;48.499452354874045;44.41511500547645;227.19386637458928
112;Estrato 2;MAGDALENA;Si;43.98833218943034;47.64813543811485;44.32212308396248;49.54609929078014;45.468313886982386;232.4106611759323
113;Estrato 2;META;No;46.169319826338636;50.71852387843705;45.618668596237335;51.73227206946454;47.750361794500726;244.12518089725037
114;Estrato 2;META;Si;47.362552176505666;52.5537666467899;47.47724110514808;53.034188034188034;49.11945935201749;251.42317630689723
115;Estrato 2;NARIÑO;No;48.08510638297872;52.52994483845548;47.792356185973205;52.744680851063826;50.40464933018124;253.4964539007092
116;Estrato 2;NARIÑO;Si;50.90564987475647;55.635402170887836;51.56136932925132;55.425549679933205;53.01836905093237;267.8936821597551
117;Estrato 2;NORTE SANTANDER;No;48.41993720565149;53.48155416012559;48.282967032967036;53.472135007849296;50.66208791208791;256.30337519623237
118;Estrato 2;NORTE SANTANDER;Si;49.67114184974234;55.24640629237863;50.24288039056143;54.728912394901;51.85828586927041;263.3713045836724
119;Estrato 2;PUTUMAYO;No;43.53364269141532;48.635730858468676;44.71461716937355;48.82830626450116;45.90255220417633;232.84686774941994
120;Estrato 2;PUTUMAYO;Si;48.110799438990185;52.87938288920056;47.83169705469846;52.92987377279103;49.99579242636746;253.6788218793829
121;Estrato 2;QUINDIO;No;46.76489028213166;50.12852664576803;46.49373040752351;51.71943573667711;47.60031347962382;244.27742946708463
122;Estrato 2;QUINDIO;Si;48.77256077256077;52.50849150849151;49.274059274059276;53.58008658008658;49.62404262404262;254.89743589743588
123;Estrato 2;RISARALDA;No;46.43161978661494;49.241513094083416;46.18137730358875;51.559650824442286;47.40349175557711;242.33850630455868
124;Estrato 2;RISARALDA;Si;48.35922520054784;51.769125415769906;49.14576403834866;53.37233418117785;49.50283701819605;253.1377421248288
125;Estrato 2;SAN ANDRES;No;42.23076923076923;43.69230769230769;50.84615384615385;49.15384615384615;41.69230769230769;223.53846153846155
126;Estrato 2;SAN ANDRES;Si;43.4382871536524;45.848866498740556;54.211586901763226;49.31738035264484;43.914357682619645;231.42821158690177
127;Estrato 2;SANTANDER;No;49.28089475614228;53.93986065273194;47.67473414008067;54.126879354602124;50.88925559222589;258.62046204620464
128;Estrato 2;SANTANDER;Si;50.80452674897119;55.9126856324924;50.24351404544641;55.61692610484881;52.46367865449991;267.1667561281088
129;Estrato 2;SUCRE;No;46.11295180722892;49.605421686746986;46.30722891566265;51.42620481927711;48.243975903614455;243.24548192771084
130;Estrato 2;SUCRE;Si;47.48349401110137;51.58252994449313;48.1034180543383;53.044113350861814;49.75197195442594;251.4127957931639
131;Estrato 2;TOLIMA;No;44.72275862068965;48.19448275862069;44.22551724137931;49.96448275862069;46.05551724137931;235.01310344827587
132;Estrato 2;TOLIMA;Si;47.679243106034384;51.39817699319257;47.967924310603436;52.658474674051;49.04949809622707;250.12922579900774
133;Estrato 2;VALLE;No;46.996764408493426;49.90030333670374;46.938119312436804;52.148634984833166;47.906976744186046;245.2978766430738
134;Estrato 2;VALLE;Si;48.64100628930817;51.891270440251574;49.46450314465409;53.705106918239;49.685182389937104;254.31904402515724
135;Estrato 2;VAUPES;No;42.94444444444444;42.80555555555556;40.111111111111114;45.083333333333336;40.416666666666664;213.02777777777777
136;Estrato 2;VAUPES;Si;46.64705882352941;50.23529411764706;45.05882352941177;52.11764705882353;46.705882352941174;243.1764705882353
137;Estrato 2;VICHADA;No;42.325;47.45;42.75;48.025;44.95;227.275
138;Estrato 2;VICHADA;Si;45.90384615384615;50.06730769230769;46.18269230769231;51.67307692307692;46.44230769230769;241.72115384615384
139;Estrato 3;AMAZONAS;No;44.61363636363637;44.93181818181818;42.38636363636363;48.65909090909091;44.90909090909091;227.61363636363637
140;Estrato 3;AMAZONAS;Si;48.07079646017699;51.982300884955755;50.11504424778761;53.23893805309734;49.10619469026549;252.8230088495575
141;Estrato 3;ANTIOQUIA;No;46.90221088435374;49.17857142857143;46.50255102040816;51.85884353741496;46.673469387755105;242.4362244897959
142;Estrato 3;ANTIOQUIA;Si;50.67900291120815;53.35305676855895;51.79650655021834;55.391703056768556;50.239592430858806;261.8386826783115
143;Estrato 3;ARAUCA;No;42.17910447761194;47.04477611940298;43.26865671641791;47.56716417910448;43.985074626865675;225.23880597014926
144;Estrato 3;ARAUCA;Si;45.81049562682216;51.83090379008746;47.481049562682216;51.53644314868804;48.51020408163265;246.3615160349854
145;Estrato 3;ATLANTICO;No;46.590649942987454;50.85974914481186;48.818700114025084;52.36944127708096;48.04218928164196;247.0855188141391
146;Estrato 3;ATLANTICO;Si;49.78401909844123;53.4875719702289;53.46903524785845;54.90858025558208;51.00898750175537;261.9314702991153
147;Estrato 3;BOGOTA;No;43.47826086956522;45.52173913043478;44.08695652173913;51.130434782608695;45.43478260869565;231.08695652173913
148;Estrato 3;BOGOTA;Si;51.18971061093247;53.61897106109325;56.437299035369776;55.38585209003215;52.11736334405145;266.68167202572346
149;Estrato 3;BOGOTÁ;No;49.47218259629101;53.031383737517835;49.773656680932;54.0941512125535;50.00523062291964;257.53827864954826
150;Estrato 3;BOGOTÁ;Si;53.726764808160425;57.2490552915266;55.95136200301379;57.51482554769908;54.206166685985856;278.4766662802828
151;Estrato 3;BOLIVAR;No;42.00772200772201;45.87065637065637;44.02509652509652;47.922779922779924;43.78378378378378;224.13127413127413
152;Estrato 3;BOLIVAR;Si;46.922007386487074;50.32109493808386;48.93786660873344;52.249619813165324;48.15098848577015;246.87399522050836
153;Estrato 3;BOYACA;No;47.59217877094972;52.299813780260706;47.73929236499069;51.88268156424581;49.3463687150838;250.42644320297953
154;Estrato 3;BOYACA;Si;53.99211742321283;58.34873606958413;54.85675455286763;57.58874694210383;54.84343571622723;280.45392769774395
155;Estrato 3;CALDAS;No;46.14414414414414;48.33633633633634;46.5945945945946;51.11711711711712;47.33933933933934;240.5105105105105
156;Estrato 3;CALDAS;Si;51.682867883995705;55.18018259935553;52.6640708915145;55.9078947368421;52.88399570354458;269.0816326530612
157;Estrato 3;CAQUETA;No;43.81060606060606;47.49242424242424;44.54545454545455;48.34090909090909;45.128787878787875;230.36363636363637
158;Estrato 3;CAQUETA;Si;48.399598393574294;52.118473895582326;48.80722891566265;53.0722891566265;49.303212851405625;252.8734939759036
159;Estrato 3;CASANARE;No;45.08888888888889;49.67407407407408;45.63703703703704;50.02962962962963;46.074074074074076;237.74814814814815
160;Estrato 3;CASANARE;Si;49.99228791773779;54.897172236503856;51.72879177377892;54.89203084832905;51.2146529562982;263.353470437018
161;Estrato 3;CAUCA;No;42.42377622377622;46.2993006993007;43.13846153846154;48.086713286713284;44.815384615384616;226.15524475524475
162;Estrato 3;CAUCA;Si;50.63021148036254;54.67552870090634;52.102114803625376;55.41450151057402;52.36616314199396;265.91117824773414
163;Estrato 3;CESAR;No;46.43666666666667;50.596666666666664;47.916666666666664;51.97666666666667;47.85333333333333;245.59666666666666
164;Estrato 3;CESAR;Si;49.11625344352617;52.796694214876034;51.50137741046832;53.841322314049584;50.75592286501377;258.08154269972454
165;Estrato 3;CHOCO;No;37.475247524752476;40.15841584158416;39.84158415841584;42.08910891089109;38.039603960396036;197.35643564356437
166;Estrato 3;CHOCO;Si;40.258252427184466;44.05825242718446;42.65631067961165;46.227184466019416;41.324271844660196;214.72621359223302
167;Estrato 3;CORDOBA;No;42.342007434944236;46.14869888475837;43.66171003717472;48.89591078066915;44.48327137546468;226.66171003717471
168;Estrato 3;CORDOBA;Si;46.999489795918365;50.678061224489795;49.438265306122446;52.26887755102041;49.27040816326531;248.87091836734695
169;Estrato 3;CUNDINAMARCA;No;47.69865470852018;51.2017937219731;47.37757847533632;52.58565022421525;48.58116591928251;249.07713004484305
170;Estrato 3;CUNDINAMARCA;Si;51.2487062882233;54.91077309079505;52.298416183158224;55.49443311902149;51.81872353771366;266.43390308922693
171;Estrato 3;EXTRANJERO;No;47.0;45.0;47.0;54.0;45.0;238.0
172;Estrato 3;EXTRANJERO;Si;37.666666666666664;44.333333333333336;52.333333333333336;41.666666666666664;44.666666666666664;214.33333333333334
173;Estrato 3;GUAINIA;No;39.8;41.6;42.7;45.5;39.1;208.0
174;Estrato 3;GUAINIA;Si;51.76;57.44;50.64;51.88;53.44;267.08
175;Estrato 3;GUAVIARE;No;39.73913043478261;45.391304347826086;38.0;44.69565217391305;42.34782608695652;213.30434782608697
176;Estrato 3;GUAVIARE;Si;45.59770114942529;49.47126436781609;44.51724137931034;49.08045977011494;46.64367816091954;237.32183908045977
177;Estrato 3;HUILA;No;43.65196078431372;48.89705882352941;45.088235294117645;49.588235294117645;46.21078431372549;234.69117647058823
178;Estrato 3;HUILA;Si;52.09879336349925;56.33107088989442;53.74585218702866;56.633484162895925;53.5316742081448;272.89291101055807
179;Estrato 3;LA GUAJIRA;No;40.487272727272725;44.21454545454545;41.72;46.403636363636366;41.93818181818182;215.73818181818183
180;Estrato 3;LA GUAJIRA;Si;45.37137330754352;49.695357833655706;46.74758220502901;50.72147001934236;47.321083172147;240.79593810444874
181;Estrato 3;MAGDALENA;No;42.96162528216704;46.37697516930022;43.8510158013544;48.627539503386004;43.94356659142212;226.76975169300226
182;Estrato 3;MAGDALENA;Si;46.547693374956644;49.62851196670135;48.157474852584116;51.655567117585846;47.34061741241762;243.72493929934097
183;Estrato 3;META;No;45.96636085626911;50.46177370030581;47.48623853211009;52.0;47.944954128440365;244.84709480122325
184;Estrato 3;META;Si;50.54962707974756;55.03184165232358;51.808663224325876;55.44262765347103;51.66265060240964;265.33419391853124
185;Estrato 3;NARIÑO;No;45.52931596091205;50.144951140065146;46.66938110749186;51.17589576547231;48.527687296416936;243.371335504886
186;Estrato 3;NARIÑO;Si;53.015995872033024;57.3328173374613;55.19969040247678;57.12022703818369;54.71155830753354;277.593395252838
187;Estrato 3;NORTE SANTANDER;No;49.33175355450237;53.132701421800945;50.22274881516588;54.07109004739336;51.00473933649289;258.7843601895735
188;Estrato 3;NORTE SANTANDER;Si;52.462455303933254;56.97258641239571;53.98331346841478;56.74890742947954;53.673818037346045;274.43384982121574
189;Estrato 3;PUTUMAYO;No;42.43650793650794;46.5;44.214285714285715;47.74603174603175;44.30952380952381;225.85714285714286
190;Estrato 3;PUTUMAYO;Si;48.31517509727627;53.13618677042802;48.10894941634241;53.36964980544747;49.80544747081712;254.61867704280155
191;Estrato 3;QUINDIO;No;46.151162790697676;50.145348837209305;47.05232558139535;52.343023255813954;47.48837209302326;244.3953488372093
192;Estrato 3;QUINDIO;Si;51.42061143984221;54.900887573964496;53.31706114398422;55.87721893491124;52.06410256410256;267.7322485207101
193;Estrato 3;RISARALDA;No;48.70418006430868;51.67524115755627;49.41479099678457;54.11897106109325;49.20257234726688;254.06430868167203
194;Estrato 3;RISARALDA;Si;50.5663309352518;53.99625899280576;52.53208633093525;55.151942446043165;51.27165467625899;263.6515107913669
195;Estrato 3;SAN ANDRES;No;48.333333333333336;58.333333333333336;54.333333333333336;55.666666666666664;52.0;268.0
196;Estrato 3;SAN ANDRES;Si;47.3109243697479;49.89495798319328;55.34033613445378;53.05042016806723;47.205882352941174;249.15126050420167
197;Estrato 3;SANTANDER;No;49.73211963589077;54.01040312093628;49.93628088426528;54.93237971391417;51.18855656697009;261.36801040312093
198;Estrato 3;SANTANDER;Si;53.578258547008545;58.186698717948715;54.527110042735046;57.8838141025641;54.93042200854701;280.1034989316239
199;Estrato 3;SUCRE;No;41.69945355191257;46.39344262295082;44.63934426229508;48.060109289617486;45.26775956284153;226.50273224043715
200;Estrato 3;SUCRE;Si;45.53644859813084;49.54766355140187;47.43551401869159;50.978504672897195;47.819626168224296;241.96542056074767
201;Estrato 3;TOLIMA;No;44.97125256673511;48.42094455852156;45.837782340862425;50.08624229979466;46.10266940451746;236.37577002053388
202;Estrato 3;TOLIMA;Si;50.642613636363635;54.13011363636364;52.50681818181818;55.18636363636364;51.40056818181818;264.07443181818184
203;Estrato 3;VALLE;No;47.145969498910674;50.131808278867105;48.25653594771242;52.48692810457516;48.058278867102395;246.8044662309368
204;Estrato 3;VALLE;Si;50.71459428324573;53.90827273381813;53.214702282381744;55.55792353661171;51.76816185470516;265.0246958024336
205;Estrato 3;VAUPES;No;38.96;40.92;37.72;41.68;40.12;201.08
206;Estrato 3;VAUPES;Si;43.666666666666664;46.44444444444444;41.22222222222222;51.666666666666664;39.333333333333336;224.66666666666666
207;Estrato 3;VICHADA;No;40.36;44.64;38.28;46.8;42.56;215.92
208;Estrato 3;VICHADA;Si;48.75;52.68181818181818;47.63636363636363;52.88636363636363;48.65909090909091;252.4318181818182
209;Estrato 4;AMAZONAS;No;38.3;38.0;41.3;39.0;41.6;197.0
210;Estrato 4;AMAZONAS;Si;40.5;47.0;45.75;47.75;43.875;224.25
211;Estrato 4;ANTIOQUIA;No;42.422222222222224;44.88;43.46666666666667;47.64;43.24444444444445;222.32444444444445
212;Estrato 4;ANTIOQUIA;Si;53.9455462769659;56.598643006263046;58.406402226861516;57.84116214335421;53.37178148921364;278.3338552540014
213;Estrato 4;ARAUCA;No;41.42857142857143;46.333333333333336;41.142857142857146;48.476190476190474;43.523809523809526;223.23809523809524
214;Estrato 4;ARAUCA;Si;42.860759493670884;47.9746835443038;46.12658227848101;49.063291139240505;45.30379746835443;231.46835443037975
215;Estrato 4;ATLANTICO;No;43.484472049689444;46.857142857142854;47.49068322981366;48.701863354037265;44.49689440993789;230.0
216;Estrato 4;ATLANTICO;Si;53.63067926225821;57.00269905533064;60.31848852901484;57.872244714349975;54.58839406207827;280.61673414304994
217;Estrato 4;BOGOTA;No;56.0;55.75;60.5;58.5;52.25;280.0
218;Estrato 4;BOGOTA;Si;65.36473755047106;68.07133243606998;77.3028263795424;66.67698519515478;65.26917900403768;335.9434724091521
219;Estrato 4;BOGOTÁ;No;50.32446808510638;53.462765957446805;52.702127659574465;54.01063829787234;49.973404255319146;260.00531914893617
220;Estrato 4;BOGOTÁ;Si;59.71888624653191;62.703329369797856;66.2733848592945;61.865834324217204;59.38733650416171;306.65279429250893
221;Estrato 4;BOLIVAR;No;38.252808988764045;40.18539325842696;40.449438202247194;44.37078651685393;40.12359550561798;203.57303370786516
222;Estrato 4;BOLIVAR;Si;46.44010589013898;49.829913964262076;50.6432825943084;51.52084712111185;47.829252150893446;245.18927862342818
223;Estrato 4;BOYACA;No;43.56578947368421;48.76315789473684;45.3421052631579;48.4078947368421;45.05263157894737;231.78947368421052
224;Estrato 4;BOYACA;Si;57.02599179206566;61.40766073871409;59.660738714090286;59.674418604651166;57.38577291381669;294.6812585499316
225;Estrato 4;CALDAS;No;41.53448275862069;44.10344827586207;43.62068965517241;47.62068965517241;42.93103448275862;220.08620689655172
226;Estrato 4;CALDAS;Si;55.806451612903224;59.52129032258065;59.148387096774194;58.86451612903226;56.9341935483871;289.4309677419355
227;Estrato 4;CAQUETA;No;36.608695652173914;37.95652173913044;37.56521739130435;41.34782608695652;38.95652173913044;193.2173913043478
228;Estrato 4;CAQUETA;Si;48.27472527472528;52.05494505494506;52.02197802197802;52.989010989010985;48.76923076923077;253.16483516483515
229;Estrato 4;CASANARE;No;44.5;48.3125;46.5625;48.1875;45.3125;232.875
230;Estrato 4;CASANARE;Si;52.745098039215684;58.56209150326797;57.45751633986928;57.790849673202615;54.47712418300654;280.078431372549
231;Estrato 4;CAUCA;No;39.08247422680412;43.324742268041234;40.170103092783506;44.5360824742268;42.154639175257735;210.57731958762886
232;Estrato 4;CAUCA;Si;53.42379182156134;57.95539033457249;57.12825278810409;57.62639405204461;55.685873605947954;281.2193308550186
233;Estrato 4;CESAR;No;41.08974358974359;46.03846153846154;44.48717948717949;46.87179487179487;42.97435897435897;221.30769230769232
234;Estrato 4;CESAR;Si;47.427038626609445;51.23390557939914;52.55579399141631;52.56437768240343;49.641630901287556;251.95922746781116
235;Estrato 4;CHOCO;No;33.96610169491525;36.74576271186441;36.67796610169491;38.54237288135593;35.983050847457626;181.64406779661016
236;Estrato 4;CHOCO;Si;36.75423728813559;41.47457627118644;40.779661016949156;43.05084745762712;38.936440677966104;200.52542372881356
237;Estrato 4;CORDOBA;No;39.35632183908046;42.632183908045974;41.758620689655174;44.98850574712644;41.13793103448276;210.02298850574712
238;Estrato 4;CORDOBA;Si;45.86702127659574;50.065602836879435;50.177304964539005;51.826241134751776;48.4822695035461;245.7163120567376
239;Estrato 4;CUNDINAMARCA;No;45.13461538461539;48.0;45.54807692307692;49.86538461538461;45.30769230769231;234.79807692307693
240;Estrato 4;CUNDINAMARCA;Si;53.63704748472026;57.57874941231782;58.42454160789845;57.67371885284438;54.270333803479076;279.96426892336626
241;Estrato 4;GUAINIA;No;36.714285714285715;45.142857142857146;43.285714285714285;39.42857142857143;40.714285714285715;203.57142857142858
242;Estrato 4;GUAINIA;Si;46.833333333333336;46.0;49.5;48.166666666666664;44.166666666666664;232.83333333333334
243;Estrato 4;GUAVIARE;No;38.4;45.6;39.8;45.6;41.4;212.6
244;Estrato 4;GUAVIARE;Si;41.333333333333336;46.04761904761905;42.42857142857143;47.0;45.142857142857146;223.47619047619048
245;Estrato 4;HUILA;No;41.45238095238095;45.642857142857146;43.095238095238095;46.904761904761905;43.5;221.38095238095238
246;Estrato 4;HUILA;Si;53.51187335092348;58.13984168865435;57.05540897097625;57.894459102902374;55.11345646437995;281.1715039577836
247;Estrato 4;LA GUAJIRA;No;39.47115384615385;42.54807692307692;41.40384615384615;45.36538461538461;41.36538461538461;210.69230769230768
248;Estrato 4;LA GUAJIRA;Si;42.744;47.266666666666666;46.218666666666664;49.06933333333333;45.36;230.57066666666665
249;Estrato 4;MAGDALENA;No;40.16279069767442;43.57364341085271;41.53488372093023;46.372093023255815;42.093023255813954;214.64341085271317
250;Estrato 4;MAGDALENA;Si;45.42640186915888;49.07710280373832;48.330607476635514;50.748831775700936;46.69042056074766;240.0771028037383
251;Estrato 4;META;No;45.93846153846154;48.87692307692308;44.13846153846154;50.50769230769231;46.06153846153846;237.8
252;Estrato 4;META;Si;51.288624787775895;56.26315789473684;54.9320882852292;55.468590831918505;52.74193548387097;270.0848896434635
253;Estrato 4;NARIÑO;No;41.77653631284916;46.279329608938546;42.68156424581006;46.76536312849162;43.64804469273743;222.31843575418995
254;Estrato 4;NARIÑO;Si;53.23565891472868;56.59224806201551;56.25891472868217;56.72093023255814;54.74573643410853;276.9627906976744
255;Estrato 4;NORTE SANTANDER;No;44.89393939393939;50.75757575757576;47.78787878787879;50.015151515151516;46.303030303030305;239.8939393939394
256;Estrato 4;NORTE SANTANDER;Si;56.13507109004739;60.329383886255926;60.06161137440758;59.30568720379147;56.703791469194314;291.34597156398104
257;Estrato 4;PUTUMAYO;No;40.885714285714286;45.05714285714286;40.714285714285715;45.82857142857143;41.82857142857143;215.9142857142857
258;Estrato 4;PUTUMAYO;Si;43.26984126984127;48.523809523809526;46.0;48.92063492063492;46.523809523809526;233.77777777777777
259;Estrato 4;QUINDIO;No;43.57142857142857;47.0;46.523809523809526;49.285714285714285;43.23809523809524;229.23809523809524
260;Estrato 4;QUINDIO;Si;55.237735849056605;58.83773584905661;59.34905660377358;58.50377358490566;55.90754716981132;286.4584905660377
261;Estrato 4;RISARALDA;No;45.791666666666664;49.4375;50.375;52.916666666666664;47.208333333333336;244.83333333333334
262;Estrato 4;RISARALDA;Si;53.980881130507065;57.24106400665004;58.479634247714046;57.5619285120532;54.049044056525354;279.6084788029925
263;Estrato 4;SAN ANDRES;No;35.0;27.0;37.0;35.0;33.0;164.0
264;Estrato 4;SAN ANDRES;Si;44.78688524590164;46.09836065573771;52.34426229508197;50.65573770491803;44.59016393442623;234.85245901639345
265;Estrato 4;SANTANDER;No;48.95762711864407;52.644067796610166;49.75423728813559;54.0;50.61864406779661;257.0762711864407
266;Estrato 4;SANTANDER;Si;58.223346828609984;62.39473684210526;61.67611336032389;61.31207827260459;59.06241565452092;301.7941970310391
267;Estrato 4;SUCRE;No;36.81132075471698;42.264150943396224;41.339622641509436;43.62264150943396;41.35849056603774;205.20754716981133
268;Estrato 4;SUCRE;Si;45.0873786407767;49.640776699029125;47.40129449838188;50.47572815533981;47.42718446601942;240.48543689320388
269;Estrato 4;TOLIMA;No;42.61538461538461;45.07692307692308;44.65384615384615;46.94871794871795;43.243589743589745;222.47435897435898
270;Estrato 4;TOLIMA;Si;53.235781990521325;56.187203791469194;57.806872037914694;57.23815165876777;53.77251184834123;276.57464454976304
271;Estrato 4;VALLE;No;43.955555555555556;47.595555555555556;46.06666666666667;49.81333333333333;45.48;233.2888888888889
272;Estrato 4;VALLE;Si;54.03680981595092;57.29192229038855;59.864263803680984;58.53195296523517;55.19657464212679;282.69734151329243
273;Estrato 4;VAUPES;No;34.2;36.5;41.5;40.1;35.4;184.6
274;Estrato 4;VICHADA;No;37.0;43.36363636363637;38.18181818181818;41.18181818181818;42.18181818181818;203.63636363636363
275;Estrato 4;VICHADA;Si;37.666666666666664;42.0;44.333333333333336;48.333333333333336;41.333333333333336;212.33333333333334
276;Estrato 5;AMAZONAS;No;31.5;37.5;31.0;39.5;36.5;179.0
277;Estrato 5;AMAZONAS;Si;35.0;31.0;31.0;37.0;34.0;170.0
278;Estrato 5;ANTIOQUIA;No;39.34615384615385;40.69230769230769;41.51923076923077;45.625;38.45192307692308;205.27884615384616
279;Estrato 5;ANTIOQUIA;Si;57.70157451482973;60.65067740754302;65.06334675942878;60.369827901867446;56.917246429879164;296.9220065909923
280;Estrato 5;ARAUCA;No;43.5;45.4;39.9;48.9;41.1;221.6
281;Estrato 5;ARAUCA;Si;39.1764705882353;46.05882352941177;41.88235294117647;45.0;43.294117647058826;216.2941176470588
282;Estrato 5;ATLANTICO;No;43.30434782608695;46.72463768115942;44.608695652173914;48.53623188405797;44.04347826086956;227.84057971014494
283;Estrato 5;ATLANTICO;Si;53.4039039039039;56.989489489489486;62.47597597597598;57.453453453453456;54.4024024024024;280.4714714714715
284;Estrato 5;BOGOTA;No;42.833333333333336;49.166666666666664;49.333333333333336;49.0;45.666666666666664;234.5
285;Estrato 5;BOGOTA;Si;67.7322738386308;71.37286063569682;80.74449877750611;68.97799511002445;67.54767726161369;349.0953545232274
286;Estrato 5;BOGOTÁ;No;48.377049180327866;51.98360655737705;46.90163934426229;54.18032786885246;47.40983606557377;251.0655737704918
287;Estrato 5;BOGOTÁ;Si;61.78359575247162;64.9985353350421;71.83888685463201;63.488099597217136;61.1490296594654;317.7352618088612
288;Estrato 5;BOLIVAR;No;36.921052631578945;39.55263157894737;38.73684210526316;42.60526315789474;39.36842105263158;197.76315789473685
289;Estrato 5;BOLIVAR;Si;49.30743801652893;52.3900826446281;55.14049586776859;53.18181818181818;49.945454545454545;257.53553719008266
290;Estrato 5;BOYACA;No;43.84;49.52;44.88;48.84;43.2;231.28
291;Estrato 5;BOYACA;Si;56.88205128205128;60.87179487179487;60.697435897435895;58.52820512820513;56.4974358974359;291.96923076923076
292;Estrato 5;CALDAS;No;41.0;39.8421052631579;40.94736842105263;44.89473684210526;40.94736842105263;208.10526315789474
293;Estrato 5;CALDAS;Si;58.31958762886598;60.25773195876289;61.03092783505155;59.54123711340206;57.74226804123711;295.6443298969072
294;Estrato 5;CAQUETA;No;37.94736842105263;45.36842105263158;37.94736842105263;45.05263157894737;42.89473684210526;212.26315789473685
295;Estrato 5;CAQUETA;Si;44.2;44.6;45.1;49.2;42.05;225.05
296;Estrato 5;CASANARE;No;39.3;43.4;42.6;44.4;40.9;210.1
297;Estrato 5;CASANARE;Si;45.476190476190474;49.333333333333336;48.07142857142857;49.42857142857143;46.714285714285715;238.83333333333334
298;Estrato 5;CAUCA;No;38.34020618556701;40.79381443298969;40.896907216494846;43.371134020618555;40.134020618556704;203.37113402061857
299;Estrato 5;CAUCA;Si;54.12169312169312;58.55026455026455;58.28042328042328;57.87830687830688;55.560846560846564;283.33862433862436
300;Estrato 5;CESAR;No;42.375;46.71875;43.59375;47.3125;42.5625;223.25
301;Estrato 5;CESAR;Si;51.0;53.620879120879124;56.714285714285715;54.33516483516483;51.752747252747255;264.9010989010989
302;Estrato 5;CHOCO;No;34.82142857142857;36.642857142857146;36.357142857142854;39.535714285714285;37.357142857142854;185.17857142857142
303;Estrato 5;CHOCO;Si;35.48913043478261;39.641304347826086;39.03260869565217;42.72826086956522;37.43478260869565;194.2173913043478
304;Estrato 5;CORDOBA;No;39.03225806451613;43.45161290322581;43.08064516129032;45.935483870967744;41.87096774193548;213.0
305;Estrato 5;CORDOBA;Si;46.56053811659193;50.09865470852018;51.14798206278027;51.74439461883408;48.43946188340807;246.78026905829597
306;Estrato 5;CUNDINAMARCA;No;43.0;47.36363636363637;44.21212121212121;46.484848484848484;43.45454545454545;225.0
307;Estrato 5;CUNDINAMARCA;Si;55.932914046121596;60.16981132075472;64.18448637316561;59.60377358490566;56.64989517819706;292.79245283018867
308;Estrato 5;GUAINIA;No;31.0;40.0;40.5;40.0;36.5;186.0
309;Estrato 5;GUAINIA;Si;38.5;46.0;47.0;41.5;43.5;213.5
310;Estrato 5;GUAVIARE;No;37.5;40.0;40.5;45.0;42.0;205.5
311;Estrato 5;GUAVIARE;Si;31.0;40.0;32.0;34.0;34.0;173.0
312;Estrato 5;HUILA;No;38.8125;41.9375;39.875;45.4375;40.25;207.3125
313;Estrato 5;HUILA;Si;52.5;57.27450980392157;58.666666666666664;56.490196078431374;53.745098039215684;276.4019607843137
314;Estrato 5;LA GUAJIRA;No;37.59649122807018;42.08771929824562;37.01754385964912;43.771929824561404;39.54385964912281;202.28070175438597
315;Estrato 5;LA GUAJIRA;Si;38.56521739130435;42.41304347826087;40.7536231884058;44.65942028985507;40.42028985507246;207.28985507246378
316;Estrato 5;MAGDALENA;No;36.59016393442623;40.83606557377049;37.36065573770492;42.049180327868854;38.81967213114754;197.01639344262296
317;Estrato 5;MAGDALENA;Si;45.44444444444444;48.26936026936027;48.75757575757576;50.656565656565654;46.377104377104374;238.85185185185185
318;Estrato 5;META;No;42.81818181818182;46.18181818181818;42.5;46.81818181818182;42.95454545454545;222.54545454545453
319;Estrato 5;META;Si;52.78666666666667;57.653333333333336;56.29333333333334;56.086666666666666;53.96;276.08
320;Estrato 5;NARIÑO;No;40.97222222222222;44.25;41.0;46.611111111111114;42.236111111111114;216.58333333333334
321;Estrato 5;NARIÑO;Si;51.68867924528302;55.24528301886792;55.93867924528302;55.466981132075475;53.594339622641506;270.7311320754717
322;Estrato 5;NORTE SANTANDER;No;42.44444444444444;47.94444444444444;43.388888888888886;50.111111111111114;42.888888888888886;228.22222222222223
323;Estrato 5;NORTE SANTANDER;Si;55.026455026455025;58.61904761904762;58.58201058201058;57.783068783068785;55.216931216931215;284.0740740740741
324;Estrato 5;PUTUMAYO;No;41.21052631578947;44.94736842105263;43.21052631578947;48.473684210526315;44.526315789473685;223.42105263157896
325;Estrato 5;PUTUMAYO;Si;38.22727272727273;44.45454545454545;39.09090909090909;43.72727272727273;40.36363636363637;207.54545454545453
326;Estrato 5;QUINDIO;No;48.55555555555556;49.55555555555556;45.77777777777778;49.888888888888886;44.77777777777778;240.11111111111111
327;Estrato 5;QUINDIO;Si;58.364372469635626;61.79352226720648;62.85425101214575;60.51417004048583;58.8421052631579;300.5425101214575
328;Estrato 5;RISARALDA;No;46.76470588235294;51.411764705882355;53.0;52.0;48.411764705882355;249.41176470588235
329;Estrato 5;RISARALDA;Si;56.925925925925924;60.21832358674464;64.00194931773879;60.629629629629626;57.380116959064324;295.9551656920078
330;Estrato 5;SAN ANDRES;No;51.0;51.0;40.5;34.5;43.0;223.0
331;Estrato 5;SAN ANDRES;Si;44.6875;48.3125;58.4375;49.5;44.3125;238.125
332;Estrato 5;SANTANDER;No;45.17142857142857;50.91428571428571;43.17142857142857;52.74285714285714;46.542857142857144;241.94285714285715
333;Estrato 5;SANTANDER;Si;60.30813953488372;64.73837209302326;67.4186046511628;63.03924418604651;61.39098837209303;313.7892441860465
334;Estrato 5;SUCRE;No;36.74074074074074;40.407407407407405;38.22222222222222;42.0;42.7037037037037;201.40740740740742
335;Estrato 5;SUCRE;Si;45.270270270270274;49.612612612612615;48.57657657657658;51.34234234234234;47.77477477477478;242.5045045045045
336;Estrato 5;TOLIMA;No;39.108108108108105;41.729729729729726;43.91891891891892;45.83783783783784;40.945945945945944;210.2972972972973
337;Estrato 5;TOLIMA;Si;52.881278538812786;55.93150684931507;56.789954337899545;56.71689497716895;52.76712328767123;273.71232876712327
338;Estrato 5;VALLE;No;41.9375;45.177083333333336;43.979166666666664;47.5625;42.625;221.44791666666666
339;Estrato 5;VALLE;Si;58.072817729534144;61.036182722749885;66.51334237901402;61.13613749434645;58.54228855721393;301.1166892808684
340;Estrato 5;VAUPES;No;36.57142857142857;41.57142857142857;40.42857142857143;37.142857142857146;39.285714285714285;193.85714285714286
341;Estrato 5;VAUPES;Si;37.0;48.0;40.0;35.0;39.0;199.0
342;Estrato 5;VICHADA;No;37.75;52.25;38.5;46.0;42.25;220.5
343;Estrato 6;AMAZONAS;No;31.285714285714285;34.285714285714285;35.714285714285715;36.285714285714285;33.857142857142854;170.28571428571428
344;Estrato 6;AMAZONAS;Si;39.666666666666664;49.666666666666664;43.0;54.333333333333336;40.333333333333336;228.66666666666666
345;Estrato 6;ANTIOQUIA;No;37.56363636363636;39.127272727272725;41.163636363636364;41.81818181818182;36.69090909090909;194.85454545454544
346;Estrato 6;ANTIOQUIA;Si;58.12988929889299;61.368265682656826;70.30922509225093;60.43985239852398;57.06937269372694;300.4981549815498
347;Estrato 6;ARAUCA;No;37.8;46.6;41.2;41.8;42.4;210.4
348;Estrato 6;ARAUCA;Si;35.77777777777778;39.111111111111114;38.44444444444444;38.666666666666664;37.22222222222222;188.77777777777777
349;Estrato 6;ATLANTICO;No;40.5;44.84090909090909;42.43181818181818;46.56818181818182;42.65909090909091;217.6590909090909
350;Estrato 6;ATLANTICO;Si;56.335779816513764;59.61284403669725;68.61467889908256;59.814678899082566;56.94862385321101;294.91926605504585
351;Estrato 6;BOGOTA;No;65.0;62.5;77.75;63.0;64.0;323.5
352;Estrato 6;BOGOTA;Si;67.7734375;71.58147321428571;82.04799107142857;68.6796875;67.05580357142857;348.96986607142856
353;Estrato 6;BOGOTÁ;No;45.78125;48.375;48.53125;47.40625;44.59375;233.5
354;Estrato 6;BOGOTÁ;Si;62.52442528735632;65.95043103448276;76.57040229885058;64.13002873563218;61.74640804597701;322.9181034482759
355;Estrato 6;BOLIVAR;No;36.359375;38.90625;39.421875;40.609375;37.609375;192.25
356;Estrato 6;BOLIVAR;Si;52.09452736318408;54.95273631840796;60.72885572139303;55.87064676616915;52.94278606965174;272.45522388059703
357;Estrato 6;BOYACA;No;39.857142857142854;46.214285714285715;43.0;45.857142857142854;41.357142857142854;216.5
358;Estrato 6;BOYACA;Si;52.473684210526315;55.26315789473684;54.21052631578947;55.44736842105263;50.078947368421055;266.94736842105266
359;Estrato 6;CALDAS;No;40.57142857142857;40.285714285714285;39.0;45.57142857142857;40.714285714285715;208.0
360;Estrato 6;CALDAS;Si;60.5;62.68103448275862;69.03879310344827;62.14655172413793;59.875;309.45258620689657
361;Estrato 6;CAQUETA;No;41.888888888888886;41.55555555555556;35.333333333333336;44.888888888888886;37.55555555555556;205.0
362;Estrato 6;CAQUETA;Si;37.90909090909091;43.0;40.36363636363637;44.18181818181818;38.72727272727273;204.54545454545453
363;Estrato 6;CASANARE;No;37.142857142857146;44.285714285714285;35.714285714285715;43.285714285714285;36.57142857142857;199.85714285714286
364;Estrato 6;CASANARE;Si;46.214285714285715;47.92857142857143;47.92857142857143;48.785714285714285;47.92857142857143;238.57142857142858
365;Estrato 6;CAUCA;No;35.42424242424242;40.21212121212121;38.03030303030303;41.27272727272727;37.5;192.83333333333334
366;Estrato 6;CAUCA;Si;51.45333333333333;56.946666666666665;56.72;55.82666666666667;52.653333333333336;272.08
367;Estrato 6;CESAR;No;46.5;51.55555555555556;47.333333333333336;50.388888888888886;46.611111111111114;243.22222222222223
368;Estrato 6;CESAR;Si;47.2112676056338;49.971830985915496;53.33802816901409;52.32394366197183;49.42253521126761;250.05633802816902
369;Estrato 6;CHOCO;No;35.56666666666667;37.5;36.4;39.43333333333333;34.63333333333333;183.8
370;Estrato 6;CHOCO;Si;35.9264705882353;37.61764705882353;38.80882352941177;40.61764705882353;36.161764705882355;188.4558823529412
371;Estrato 6;CORDOBA;No;36.11538461538461;38.11538461538461;39.96153846153846;43.69230769230769;40.5;198.15384615384616
372;Estrato 6;CORDOBA;Si;49.02797202797203;51.30769230769231;54.48251748251748;52.58041958041958;50.02797202797203;255.15384615384616
373;Estrato 6;CUNDINAMARCA;No;41.111111111111114;44.611111111111114;42.111111111111114;43.833333333333336;41.55555555555556;213.61111111111111
374;Estrato 6;CUNDINAMARCA;Si;57.923371647509576;61.00383141762452;68.31417624521073;60.701149425287355;58.41379310344828;300.97701149425285
375;Estrato 6;GUAINIA;No;36.0;39.0;32.0;28.0;36.0;173.0
376;Estrato 6;GUAVIARE;No;44.0;46.0;36.0;58.0;47.0;239.0
377;Estrato 6;GUAVIARE;Si;39.857142857142854;43.285714285714285;40.857142857142854;41.857142857142854;40.714285714285715;206.85714285714286
378;Estrato 6;HUILA;No;41.92307692307692;47.92307692307692;43.38461538461539;46.38461538461539;42.84615384615385;223.3846153846154
379;Estrato 6;HUILA;Si;46.92;49.0;49.16;49.12;45.0;238.2
380;Estrato 6;LA GUAJIRA;No;34.23255813953488;38.58139534883721;37.04651162790697;41.23255813953488;39.0;190.88372093023256
381;Estrato 6;LA GUAJIRA;Si;37.016129032258064;40.225806451612904;39.32258064516129;41.75806451612903;39.403225806451616;197.91935483870967
382;Estrato 6;MAGDALENA;No;41.15625;42.40625;41.09375;46.5625;40.125;212.28125
383;Estrato 6;MAGDALENA;Si;46.041666666666664;49.25925925925926;51.0;51.66203703703704;46.699074074074076;243.0787037037037
384;Estrato 6;META;No;40.53333333333333;50.666666666666664;41.333333333333336;48.86666666666667;43.6;227.86666666666667
385;Estrato 6;META;Si;55.95384615384615;61.12307692307692;63.03076923076923;59.95384615384615;56.8;294.03076923076924
386;Estrato 6;NARIÑO;No;42.08163265306123;45.224489795918366;42.06122448979592;47.40816326530612;42.12244897959184;220.16326530612244
387;Estrato 6;NARIÑO;Si;40.91139240506329;43.48101265822785;43.822784810126585;44.860759493670884;42.050632911392405;214.46835443037975
388;Estrato 6;NORTE SANTANDER;No;40.35294117647059;46.470588235294116;40.23529411764706;43.76470588235294;42.705882352941174;215.41176470588235
389;Estrato 6;NORTE SANTANDER;Si;53.33802816901409;56.08450704225352;58.54929577464789;57.309859154929576;53.42253521126761;276.63380281690144
390;Estrato 6;PUTUMAYO;No;35.6;38.1;40.5;40.4;37.3;190.3
391;Estrato 6;PUTUMAYO;Si;37.166666666666664;46.333333333333336;37.833333333333336;44.0;42.166666666666664;210.16666666666666
392;Estrato 6;QUINDIO;No;47.25;42.5;40.75;49.0;43.5;226.0
393;Estrato 6;QUINDIO;Si;59.36363636363637;62.94805194805195;66.94805194805195;60.688311688311686;59.077922077922075;305.05194805194805
394;Estrato 6;RISARALDA;No;50.22222222222222;47.111111111111114;45.55555555555556;49.44444444444444;46.0;240.0
395;Estrato 6;RISARALDA;Si;59.26470588235294;62.294117647058826;67.97712418300654;61.59477124183007;59.330065359477125;305.93464052287584
396;Estrato 6;SAN ANDRES;Si;41.0;42.166666666666664;48.0;44.166666666666664;38.333333333333336;209.83333333333334
397;Estrato 6;SANTANDER;No;42.76923076923077;51.53846153846154;42.30769230769231;49.30769230769231;44.53846153846154;233.46153846153845
398;Estrato 6;SANTANDER;Si;63.038860103626945;67.82124352331606;71.98445595854922;64.84974093264249;64.03367875647669;327.4041450777202
399;Estrato 6;SUCRE;No;39.111111111111114;43.55555555555556;40.166666666666664;45.55555555555556;42.55555555555556;212.38888888888889
400;Estrato 6;SUCRE;Si;47.6875;51.8375;50.3;50.9625;49.0625;249.6
401;Estrato 6;TOLIMA;No;35.1875;39.1875;39.8125;39.5;39.125;191.9375
402;Estrato 6;TOLIMA;Si;53.51948051948052;56.23376623376623;58.02597402597402;55.493506493506494;53.33766233766234;274.5194805194805
403;Estrato 6;VALLE;No;43.186440677966104;44.59322033898305;44.30508474576271;48.03389830508475;44.0;224.4915254237288
404;Estrato 6;VALLE;Si;59.336711711711715;62.648648648648646;71.51126126126127;62.234234234234236;59.91103603603604;309.19594594594594
405;Estrato 6;VAUPES;No;34.666666666666664;34.333333333333336;39.166666666666664;39.666666666666664;36.5;182.5
406;Estrato 6;VAUPES;Si;38.75;42.75;34.25;45.75;34.5;200.0
407;Sin Estrato;AMAZONAS;No;38.242990654205606;39.64485981308411;39.39252336448598;42.71028037383178;40.3177570093458;200.82242990654206
408;Sin Estrato;AMAZONAS;Si;40.523809523809526;42.0;40.666666666666664;48.04761904761905;41.333333333333336;213.95238095238096
409;Sin Estrato;ANTIOQUIA;No;38.13168724279836;40.333333333333336;38.623456790123456;43.72633744855967;39.141975308641975;200.9814814814815
410;Sin Estrato;ANTIOQUIA;Si;41.53832116788321;44.409671532846716;42.371350364963504;47.222627737226276;42.47080291970803;218.96167883211677
411;Sin Estrato;ARAUCA;No;41.91304347826087;45.80434782608695;41.82608695652174;47.76086956521739;43.98550724637681;223.18115942028984
412;Sin Estrato;ARAUCA;Si;40.55913978494624;45.59139784946237;41.09139784946237;45.413978494623656;43.693548387096776;218.0215053763441
413;Sin Estrato;ATLANTICO;No;38.67465753424658;42.03767123287671;40.52739726027397;44.04794520547945;40.35958904109589;206.13013698630138
414;Sin Estrato;ATLANTICO;Si;38.539944903581265;42.90495867768595;41.54545454545455;44.94077134986226;41.1267217630854;209.2534435261708
415;Sin Estrato;BOGOTA;No;33.333333333333336;33.666666666666664;35.666666666666664;35.0;31.666666666666668;168.0
416;Sin Estrato;BOGOTA;Si;61.94736842105263;66.07894736842105;75.76315789473684;62.63157894736842;59.8421052631579;318.1578947368421
417;Sin Estrato;BOGOTÁ;No;43.46853146853147;46.0;42.9020979020979;48.38461538461539;43.38461538461539;225.62237762237763
418;Sin Estrato;BOGOTÁ;Si;44.93468468468468;48.15765765765766;47.736486486486484;50.439189189189186;46.252252252252255;237.3355855855856
419;Sin Estrato;BOLIVAR;No;36.672340425531914;40.4581560283688;38.46099290780142;42.49503546099291;38.99290780141844;197.81843971631207
420;Sin Estrato;BOLIVAR;Si;37.388154111558364;41.59344450833812;39.373202990224264;43.552616446233465;40.03220241518114;202.7228292121909
421;Sin Estrato;BOYACA;No;42.28472222222222;46.708333333333336;42.15972222222222;47.4375;45.125;225.71527777777777
422;Sin Estrato;BOYACA;Si;43.82394366197183;49.62676056338028;44.436619718309856;48.528169014084504;45.41549295774648;233.32394366197184
423;Sin Estrato;CALDAS;No;44.325581395348834;46.49612403100775;43.10852713178294;48.23255813953488;45.55813953488372;229.5968992248062
424;Sin Estrato;CALDAS;Si;41.72;45.216;41.264;46.568;43.664;220.304
425;Sin Estrato;CAQUETA;No;39.233870967741936;42.11290322580645;38.80241935483871;44.096774193548384;40.608870967741936;206.53225806451613
426;Sin Estrato;CAQUETA;Si;40.69607843137255;44.5;41.34313725490196;45.911764705882355;42.294117647058826;215.97058823529412
427;Sin Estrato;CASANARE;No;40.63934426229508;44.24590163934426;42.040983606557376;45.10655737704918;42.68032786885246;215.41803278688525
428;Sin Estrato;CASANARE;Si;43.78409090909091;47.95454545454545;43.26136363636363;48.04545454545455;44.67045454545455;229.5
429;Sin Estrato;CAUCA;No;38.36904761904762;42.154761904761905;39.225;43.74404761904762;41.46190476190476;206.30119047619047
430;Sin Estrato;CAUCA;Si;40.78393351800554;44.6814404432133;41.229916897506925;46.21329639889197;42.903047091412745;217.30193905817174
431;Sin Estrato;CESAR;No;40.25185185185185;43.91481481481482;40.27777777777778;45.61851851851852;42.67407407407408;214.51111111111112
432;Sin Estrato;CESAR;Si;40.18647540983606;43.94877049180328;41.64549180327869;45.752049180327866;42.60245901639344;215.04303278688525
433;Sin Estrato;CHOCO;No;35.51598173515982;37.50228310502283;37.858447488584474;40.821917808219176;36.43835616438356;187.9497716894977
434;Sin Estrato;CHOCO;Si;36.72764227642276;41.11991869918699;39.63414634146341;42.66260162601626;38.729674796747965;199.0040650406504
435;Sin Estrato;CORDOBA;No;37.95049504950495;40.945544554455445;39.56188118811881;43.76732673267327;40.59653465346535;203.59158415841586
436;Sin Estrato;CORDOBA;Si;39.15649278579356;43.09544950055494;40.96115427302997;45.6315205327414;42.587125416204216;212.45948945615982
437;Sin Estrato;CUNDINAMARCA;No;43.1044776119403;46.65174129353234;41.65174129353234;47.25373134328358;44.6318407960199;225.60696517412936
438;Sin Estrato;CUNDINAMARCA;Si;45.26555023923445;49.67464114832536;45.94019138755981;50.89712918660287;46.87081339712919;240.00478468899522
439;Sin Estrato;EXTRANJERO;Si;33.0;48.0;36.0;36.0;44.0;200.0
440;Sin Estrato;GUAINIA;No;34.80281690140845;40.394366197183096;39.7887323943662;39.70422535211268;38.929577464788736;192.83098591549296
441;Sin Estrato;GUAINIA;Si;47.07692307692308;48.07692307692308;44.38461538461539;49.15384615384615;47.76923076923077;238.69230769230768
442;Sin Estrato;GUAVIARE;No;39.19444444444444;44.34722222222222;39.291666666666664;44.083333333333336;41.77777777777778;210.55555555555554
443;Sin Estrato;GUAVIARE;Si;38.94444444444444;42.138888888888886;38.0;43.916666666666664;40.638888888888886;205.66666666666666
444;Sin Estrato;HUILA;No;42.42857142857143;46.87074829931973;41.65986394557823;47.476190476190474;44.97959183673469;225.76190476190476
445;Sin Estrato;HUILA;Si;42.9875;48.0875;44.38125;49.3;46.1625;232.33125
446;Sin Estrato;LA GUAJIRA;No;36.865503080082135;40.24640657084189;38.502053388090346;41.86344969199179;39.01334702258727;197.10472279260782
447;Sin Estrato;LA GUAJIRA;Si;38.85694050991501;42.522662889518415;39.98300283286119;44.936260623229465;41.30878186968839;208.77620396600565
448;Sin Estrato;MAGDALENA;No;37.822641509433964;41.41132075471698;38.4811320754717;42.90377358490566;40.02075471698113;201.91698113207548
449;Sin Estrato;MAGDALENA;Si;37.85533453887884;41.41500904159132;39.15280289330922;43.80650994575045;40.27396021699819;203.5388788426763
450;Sin Estrato;META;No;41.25764192139738;46.03930131004367;41.842794759825324;46.786026200873366;43.34061135371179;220.80349344978166
451;Sin Estrato;META;Si;42.87570621468927;48.112994350282484;43.41242937853107;48.621468926553675;45.42372881355932;230.21468926553672
452;Sin Estrato;NARIÑO;No;41.52755905511811;45.61889763779528;42.22677165354331;46.880314960629924;44.05984251968504;221.7212598425197
453;Sin Estrato;NARIÑO;Si;39.368869936034116;43.23667377398721;40.28144989339019;45.50959488272921;41.79744136460555;211.56289978678038
454;Sin Estrato;NORTE SANTANDER;No;42.770114942528735;47.46551724137931;41.82183908045977;46.85057471264368;44.6551724137931;225.79310344827587
455;Sin Estrato;NORTE SANTANDER;Si;43.04739336492891;46.93838862559242;43.46919431279621;48.26066350710901;45.06161137440758;228.23222748815166
456;Sin Estrato;PUTUMAYO;No;40.28888888888889;45.32222222222222;41.31111111111111;45.72;43.9;218.07333333333332
457;Sin Estrato;PUTUMAYO;Si;42.8705035971223;48.460431654676256;43.81294964028777;49.381294964028775;45.36690647482014;231.58273381294964
458;Sin Estrato;QUINDIO;No;41.833333333333336;44.861111111111114;39.44444444444444;49.361111111111114;42.47222222222222;221.11111111111111
459;Sin Estrato;QUINDIO;Si;42.30555555555556;45.925925925925924;44.56481481481482;47.25925925925926;44.129629629629626;224.38888888888889
460;Sin Estrato;RISARALDA;No;37.45454545454545;41.21212121212121;40.09090909090909;42.13636363636363;38.92424242424242;199.72727272727272
461;Sin Estrato;RISARALDA;Si;45.60683760683761;48.70940170940171;47.73504273504273;51.324786324786324;46.26495726495727;239.76068376068375
462;Sin Estrato;SAN ANDRES;No;32.0;28.0;63.0;47.0;37.0;190.0
463;Sin Estrato;SAN ANDRES;Si;37.57142857142857;43.285714285714285;49.23809523809524;45.714285714285715;40.04761904761905;211.1904761904762
464;Sin Estrato;SANTANDER;No;42.60740740740741;48.044444444444444;44.06666666666667;48.903703703703705;44.82222222222222;229.6888888888889
465;Sin Estrato;SANTANDER;Si;45.38253012048193;50.58132530120482;45.74698795180723;51.45783132530121;48.19879518072289;243.31927710843374
466;Sin Estrato;SUCRE;No;38.36213991769547;42.382716049382715;39.794238683127574;44.57201646090535;41.79012345679013;208.10288065843622
467;Sin Estrato;SUCRE;Si;38.782340862423;42.671457905544145;39.83367556468173;44.51950718685831;41.48870636550308;208.55441478439425
468;Sin Estrato;TOLIMA;No;39.09722222222222;42.166666666666664;39.791666666666664;44.31944444444444;40.861111111111114;207.3287037037037
469;Sin Estrato;TOLIMA;Si;42.642857142857146;45.967532467532465;42.4025974025974;48.064935064935064;44.13636363636363;224.95454545454547
470;Sin Estrato;VALLE;No;40.20385674931129;42.99449035812672;40.93939393939394;45.823691460055095;41.201101928374655;212.1625344352617
471;Sin Estrato;VALLE;Si;42.439418416801296;45.66558966074314;44.36348949919225;47.80613893376414;43.95638126009693;224.6058158319871
472;Sin Estrato;VAUPES;No;37.732142857142854;40.75;40.0;42.035714285714285;40.4375;201.08928571428572
473;Sin Estrato;VAUPES;Si;38.92307692307692;42.23076923076923;44.15384615384615;46.84615384615385;41.84615384615385;213.0
474;Sin Estrato;VICHADA;No;38.24;42.0;38.64;42.84;41.57333333333333;204.88
475;Sin Estrato;VICHADA;Si;42.92307692307692;46.73076923076923;42.84615384615385;50.38461538461539;44.96153846153846;229.92307692307693
